Date,Open,High,Low,Close
2014-05-12,188.8,189.88,187.9992,189.785
2014-05-13,190.04,190.42,189.77,189.96
2014-05-14,189.79,189.88,188.79,189.06
2014-05-15,188.675,188.72,186.48,187.4
2014-05-16,187.51,188.13,186.72,188.05
2014-05-19,187.69,188.89,187.52,188.74
2014-05-20,188.645,188.67,187.07,187.55
2014-05-21,188.09,189.22,188.06,189.13
2014-05-22,189.18,189.98,188.86,189.59
2014-05-23,189.76,190.48,189.5858,190.35
2014-05-27,191.06,191.58,190.95,191.52
2014-05-28,191.52,191.82,191.06,191.38
2014-05-29,191.82,192.4,191.33,192.37
2014-05-30,192.19,192.8,192.03,192.68
2014-06-02,192.95,192.99,191.97,192.895
2014-06-03,192.43,192.9,192.25,192.8
2014-06-04,192.47,193.3,192.265,193.19
2014-06-05,193.41,194.65,192.7,194.45
2014-06-06,194.87,195.43,194.78,195.375
2014-06-09,195.35,196.05,195.17,195.58
2014-06-10,195.34,195.64,194.92,195.6
2014-06-11,194.9,195.12,194.48,194.92
2014-06-12,194.69,194.8,193.11,193.54
2014-06-13,193.92,194.32,193.3,194.13
2014-06-16,193.89,194.7,193.66,194.29
2014-06-17,194.02,194.97,193.81,194.83
2014-06-18,194.83,196.37,194.4,196.255
2014-06-19,196.43,196.6,195.8,196.48
2014-06-20,196.03,196.1039,195.7,195.94
2014-06-23,195.99,196.05,195.52,195.88
2014-06-24,195.53,196.5,194.48,194.7
2014-06-25,194.29,195.781,194.25,195.58
2014-06-26,195.61,195.63,194.13,195.44
2014-06-27,194.98,195.88,194.885,195.82
2014-06-30,195.7,196.165,195.53,195.72
2014-07-01,196.2,197.63,196.13,197.03
2014-07-02,197.05,197.48,196.96,197.23
2014-07-03,197.79,198.29,197.64,198.2
2014-07-07,197.82,197.98,197.22,197.51
2014-07-08,197.15,197.22,195.76,196.24
2014-07-09,196.73,197.295,196.31,197.12
2014-07-10,195.22,196.86,195.06,196.34
2014-07-11,196.22,196.75,195.78,196.61
2014-07-14,197.61,197.86,197.44,197.6
2014-07-15,197.72,198.1,196.36,197.23
2014-07-16,198.11,198.26,197.42,197.96
2014-07-17,197.35,198.1,195.43,195.71
2014-07-18,196.35,197.91,196.24,197.7099
2014-07-21,197.09,197.5,196.43,197.34
2014-07-22,198.01,198.56,197.87,198.2
2014-07-23,198.495,198.85,198.1,198.64
2014-07-24,198.83,199.06,198.45,198.65
2014-07-25,198.09,198.26,197.33,197.72
2014-07-28,197.76,198.09,196.62,197.8
2014-07-29,198.17,198.45,196.92,196.95
2014-07-30,197.65,197.91,196.16,196.98
2014-07-31,195.61,195.78,192.97,193.09
2014-08-01,192.56,193.76,191.57,192.5
2014-08-04,192.87,194.3,192.05,193.89
2014-08-05,193.1,193.6,191.31,192.01
2014-08-06,191.11,192.89,191.08,192.07
2014-08-07,192.935,193.13,190.55,191.03
2014-08-08,191.46,193.37,190.95,193.24
2014-08-11,193.965,194.66,193.71,193.795
2014-08-12,193.61,194.15,192.94,193.53
2014-08-13,194.29,195.06,193.96,194.84
2014-08-14,195.16,195.76,194.98,195.76
2014-08-15,196.47,196.65,194.31,195.72
2014-08-18,196.8,197.45,196.69,197.36
2014-08-19,197.84,198.54,197.4426,198.39
2014-08-20,198.12,199.16,198.08,198.92
2014-08-21,199.09,199.76,198.93,199.5
2014-08-22,199.34,199.69,198.74,199.19
2014-08-25,200.14,200.5949,199.1502,200.2
2014-08-26,200.33,200.82,200.28,200.33
2014-08-27,200.43,200.57,199.94,200.25
2014-08-28,199.59,200.27,199.39,200.14
2014-08-29,200.45,200.73,199.82,200.71
2014-09-02,200.97,200.995,199.86,200.61
2014-09-03,201.38,201.41,200.22,200.5
2014-09-04,200.84,201.58,199.66,200.2101
2014-09-05,200.17,201.19,199.41,201.11
2014-09-08,200.92,201.21,200,200.59
2014-09-09,200.41,200.55,198.91,199.32
2014-09-10,199.43,200.2,198.77,200.07
2014-09-11,199.27,200.33,199.12,200.3
2014-09-12,200.1,200.12,198.56,199.13
2014-09-15,199.16,199.32,198.38,198.981
2014-09-16,198.61,200.84,198.5,200.48
2014-09-17,200.77,201.68,199.75,200.75
2014-09-18,201.36,201.85,201.1,201.82
2014-09-19,201.52,201.899,200.29,200.7
2014-09-22,200.35,200.38,198.73,199.15
2014-09-23,198.43,199.26,197.95,198.01
2014-09-24,198.04,199.69,197.52,199.56
2014-09-25,199.04,199.05,196.27,196.34
2014-09-26,196.7,198.39,196.42,197.9
2014-09-29,196.2,197.89,196.05,197.54
2014-09-30,197.69,198.3,196.61,197.02
2014-10-01,196.7,196.77,193.91,194.35
2014-10-02,194.18,195.055,192.35,194.38
2014-10-03,195.68,196.94,195.08,196.52
2014-10-06,197.34,197.6,195.582,196.29
2014-10-07,195.28,195.72,193.22,193.26
2014-10-08,193.37,196.92,192.36,196.64
2014-10-09,196.33,196.6,192.58,192.74
2014-10-10,192.69,193.65,190.49,190.54
2014-10-13,190.46,191.15,187.3,187.4099
2014-10-14,188.42,189.82,187.04,187.7
2014-10-15,185.16,187.694,181.92,186.43
2014-10-16,183.06,187.58,182.89,186.27
2014-10-17,188.42,189.75,187.62,188.47
2014-10-20,188.13,190.45,188.07,190.3
2014-10-21,191.68,194.2,191.48,194.07
2014-10-22,194.41,194.91,192.61,192.69
2014-10-23,194.62,196.2,194.26,194.93
2014-10-24,195.25,196.49,194.49,196.43
2014-10-27,195.73,196.45,195.03,196.16
2014-10-28,196.82,198.42,196.73,198.41
2014-10-29,198.55,199.12,196.8,198.11
2014-10-30,197.58,199.95,197.4,199.38
2014-10-31,201.78,201.82,200.77,201.66
2014-11-03,201.92,202.45,201.305,201.77
2014-11-04,201.23,201.6,200.06,201.07
2014-11-05,202.54,202.59,201.45,202.34
2014-11-06,202.39,203.26,201.64,203.15
2014-11-07,203.17,203.5999,202.61,203.34
2014-11-10,203.38,204.04,203.13,203.98
2014-11-11,204.055,204.31,203.65,204.175
2014-11-12,203.35,204.24,203.31,203.96
2014-11-13,204.16,204.83,203.21,204.19
2014-11-14,204.1,204.49,203.72,204.24
2014-11-17,203.85,204.58,203.65,204.37
2014-11-18,204.44,205.92,204.44,205.55
2014-11-19,205.31,205.55,204.3,205.22
2014-11-20,204.26,205.71,204.18,205.58
2014-11-21,207.64,207.8445,205.98,206.68
2014-11-24,207.17,207.39,206.91,207.26
2014-11-25,207.54,207.79,206.8,207.11
2014-11-26,207.29,207.76,207.03,207.64
2014-11-28,207.49,207.87,206.91,207.2
2014-12-01,206.4,206.54,205.38,205.76
2014-12-02,205.81,207.34,205.782,207.085
2014-12-03,207.3,208.15,207.1,207.89
2014-12-04,207.54,208.265,206.7,207.66
2014-12-05,207.87,208.47,207.55,208
2014-12-08,207.52,208.12,205.93,206.61
2014-12-09,204.37,206.6,203.91,206.47
2014-12-10,205.91,205.98,202.93,203.1601
2014-12-11,203.88,206.19,203.71,204.19
2014-12-12,202.64,203.819,200.85,200.89
2014-12-15,201.98,202.53,198.78,199.51
2014-12-16,198.58,202.395,197.86,197.91
2014-12-17,198.44,202.34,198.29,201.79
2014-12-18,204.74,212.97,203.92,206.78
2014-12-19,206.43,207.33,205.6109,206.52
2014-12-22,206.75,207.47,206.46,207.47
2014-12-23,208.17,208.23,207.3991,207.75
2014-12-24,208.02,208.34,207.72,207.77
2014-12-26,208.31,208.85,208.25,208.44
2014-12-29,208.22,208.97,208.14,208.72
2014-12-30,208.21,208.37,207.51,207.6
2014-12-31,207.99,208.19,205.39,205.54
2015-01-02,206.38,206.88,204.18,205.43
2015-01-05,204.17,204.37,201.35,201.72
2015-01-06,202.09,202.72,198.855,199.82
2015-01-07,201.42,202.72,200.88,202.31
2015-01-08,204.01,206.16,203.99,205.9
2015-01-09,206.4,206.42,203.51,204.25
2015-01-12,204.41,204.6,201.92,202.65
2015-01-13,204.12,205.48,200.51,202.08
2015-01-14,199.65,201.1,198.57,200.86
2015-01-15,201.63,202.01,198.88,199.0199
2015-01-16,198.77,201.82,198.55,201.63
2015-01-20,202.4,202.72,200.17,202.055
2015-01-21,201.5,203.66,200.94,203.08
2015-01-22,203.99,206.26,202.33,206.1
2015-01-23,205.79,206.1,204.81,204.97
2015-01-26,204.71,205.56,203.85,205.45
2015-01-27,202.97,204.12,201.74,202.74
2015-01-28,204.17,204.29,199.91,200.14
2015-01-29,200.38,202.3,198.68,201.9902
2015-01-30,200.57,202.17,199.13,199.45
2015-02-02,200.05,202.03,197.86,201.92
2015-02-03,203,204.85,202.55,204.84
2015-02-04,203.92,205.38,203.51,204.06
2015-02-05,204.86,206.3,204.77,206.12
2015-02-06,206.56,207.24,204.92,205.55
2015-02-09,204.77,205.64,204.135,204.63
2015-02-10,205.88,207.12,204.6801,206.81
2015-02-11,206.61,207.45,205.83,206.93
2015-02-12,207.89,208.99,206.9727,208.92
2015-02-13,209.07,209.84,208.76,209.78
2015-02-17,209.4,210.32,209.1,210.11
2015-02-18,209.66,210.22,209.3401,210.13
2015-02-19,209.41,210.42,209.24,209.98
2015-02-20,209.48,211.33,208.73,211.239
2015-02-23,210.94,211.21,210.48,211.209
2015-02-24,211.12,212.05,210.76,211.81
2015-02-25,211.66,212.24,211.22,211.63
2015-02-26,211.52,211.71,210.65,211.38
2015-02-27,211.26,211.58,210.6,210.66
2015-03-02,210.78,212.06,210.72,211.99
2015-03-03,211.47,212.054,210.08,211.12
2015-03-04,210.4,210.49,209.06,210.2301
2015-03-05,210.62,210.8,209.85,210.46
2015-03-06,209.42,209.94,207.1,207.5
2015-03-09,207.74,208.79,207.5459,208.36
2015-03-10,206.71,206.81,204.93,204.98
2015-03-11,205.29,205.5,204.4,204.5
2015-03-12,205.26,207.175,205.2,207.1
2015-03-13,206.77,207.9338,204.58,205.8272
2015-03-16,206.71,208.69,205.8641,208.58
2015-03-17,207.69,208.42,206.98,207.96
2015-03-18,207.39,211.27,206.62,210.46
2015-03-19,209.96,210.4697,209.03,209.5
2015-03-20,209.71,211.02,209.4903,210.41
2015-03-23,210.42,211.11,210,210
2015-03-24,209.85,210.4,208.74,208.82
2015-03-25,209.07,209.35,205.71,205.76
2015-03-26,204.96,206.37,204.12,205.27
2015-03-27,205.13,205.95,204.9,205.74
2015-03-30,206.98,208.61,206.96,208.25
2015-03-31,207.26,208.1,206.36,206.43
2015-04-01,206.39,206.42,204.51,205.7
2015-04-02,205.62,206.98,205.4,206.435
2015-04-06,205.37,208.45,205.21,207.83
2015-04-07,207.855,208.76,207.24,207.28
2015-04-08,207.55,208.51,207.08,207.975
2015-04-09,207.78,209.18,207.19,208.9
2015-04-10,209.2,210.09,208.96,210.04
2015-04-13,209.87,210.63,209.03,209.09
2015-04-14,208.85,209.71,208.1,209.49
2015-04-15,210.05,211.04,209.95,210.43
2015-04-16,210.03,210.98,209.7928,210.37
2015-04-17,208.94,209.23,207.01,207.95
2015-04-20,209.06,210.25,208.96,209.85
2015-04-21,210.67,210.86,209.24,209.6
2015-04-22,210.01,210.85,208.9,210.63
2015-04-23,210.15,211.94,210.01,211.16
2015-04-24,211.66,211.97,211.11,211.6499
2015-04-27,212.33,212.48,210.54,210.77
2015-04-28,210.74,211.5,209.3301,211.44
2015-04-29,210.37,211.29,209.6,210.57
2015-04-30,209.88,210.35,207.62,208.46
2015-05-01,209.4,210.77,209.28,210.72
2015-05-04,211.23,212.02,211.1,211.32
2015-05-05,211.03,211.46,208.73,208.9
2015-05-06,209.56,209.93,206.76,208.04
2015-05-07,207.92,209.38,207.52,208.87
2015-05-08,210.88,211.86,210.78,211.62
2015-05-11,211.57,211.89,210.52,210.605
2015-05-12,209.61,210.63,208.62,209.98
2015-05-13,210.47,211.22,209.74,210.02
2015-05-14,211.24,212.32,210.91,212.21
2015-05-15,212.44,212.61,211.86,212.44
2015-05-18,212.24,213.4,212.16,213.1
2015-05-19,213.24,213.57,212.69,213.03
2015-05-20,213.15,213.78,212.504,212.88
2015-05-21,212.71,213.75,212.51,213.5
2015-05-22,213.04,213.54,212.91,212.99
2015-05-26,212.4,212.9089,210.2,210.7
2015-05-27,211.25,212.98,210.7612,212.7
2015-05-28,212.33,212.59,211.63,212.46
2015-05-29,212.38,212.43,210.82,211.14
2015-06-01,211.94,212.34,210.62,211.57
2015-06-02,211.02,212.19,210.27,211.36
2015-06-03,212,212.67,211.3301,211.92
2015-06-04,211.07,211.859,209.75,210.1292
2015-06-05,209.95,210.58,208.98,209.77
2015-06-08,209.64,209.82,208.39,208.48
2015-06-09,208.45,209.1,207.69,208.45
2015-06-10,209.37,211.41,209.2987,210.95
2015-06-11,211.48,212.09,211.2,211.63
2015-06-12,210.64,211.482,209.68,210.01
2015-06-15,208.64,209.45,207.79,209.11
2015-06-16,208.93,210.35,208.72,210.25
2015-06-17,210.59,211.32,209.36,210.59
2015-06-18,211.31,213.34,210.6315,212.78
2015-06-19,211.46,211.55,210.36,210.81
2015-06-22,211.905,212.59,211.64,211.89
2015-06-23,212.14,212.44,211.57,212.04
2015-06-24,211.72,212.17,210.47,210.5
2015-06-25,211.1,211.25,209.77,209.86
2015-06-26,210.29,210.58,209.16,209.82
2015-06-29,208.045,209.828,205.33,205.42
2015-06-30,207.26,207.32,205.28,205.85
2015-07-01,207.73,208.03,206.56,207.5
2015-07-02,208.07,208.27,206.81,207.31
2015-07-06,205.77,207.65,205.53,206.72
2015-07-07,206.96,208.17,204.11,208.02
2015-07-08,206.42,206.7645,204.25,204.53
2015-07-09,207.04,207.35,204.77,204.9
2015-07-10,207.29,207.98,204.9517,207.48
2015-07-13,208.99,209.9,208.94,209.77
2015-07-14,209.72,211.05,209.65,210.68
2015-07-15,210.73,211.28,210.04,210.61
2015-07-16,211.87,212.3,211.58,212.3
2015-07-17,212.29,212.55,211.8,212.48
2015-07-20,212.75,213.18,212.21,212.59
2015-07-21,212.43,212.74,211.39,211.75
2015-07-22,210.93,211.77,210.89,211.37
2015-07-23,211.53,211.65,209.75,210.18
2015-07-24,210.3,210.37,207.6,208
2015-07-27,206.94,207.55,206.26,206.79
2015-07-28,207.79,209.5,206.8,209.33
2015-07-29,209.48,211.04,209.31,210.77
2015-07-30,210.16,211.02,209.42,210.82
2015-07-31,211.42,211.45,210.16,210.5
2015-08-03,210.46,210.53,208.65,209.79
2015-08-04,209.7,210.2483,208.8,209.38
2015-08-05,210.45,211.31,209.73,210.07
2015-08-06,210.29,210.415,207.65,208.35
2015-08-07,208.16,208.34,206.87,207.95
2015-08-10,209.28,210.67,209.28,210.57
2015-08-11,208.97,209.47,207.76,208.67
2015-08-12,207.11,209.14,205.36,208.92
2015-08-13,208.73,209.55,208.01,208.66
2015-08-14,208.43,209.5087,208.26,209.42
2015-08-17,208.71,210.59,208.16,210.59
2015-08-18,210.26,210.68,209.699,209.98
2015-08-19,209.09,210.01,207.35,208.32
2015-08-20,206.51,208.2865,203.9,203.97
2015-08-21,201.73,203.9404,197.52,197.83
2015-08-24,187.49,197.4772,182.4,189.5
2015-08-25,195.43,195.45,186.92,187.27
2015-08-26,192.08,194.79,188.37,194.46
2015-08-27,197.02,199.42,195.21,199.27
2015-08-28,198.5,199.835,197.92,199.28
2015-08-31,198.11,199.125,197.01,197.67
2015-09-01,193.12,194.77,190.73,191.77
2015-09-02,194.62,195.46,192.42,195.41
2015-09-03,196.26,198.05,194.96,195.55
2015-09-04,192.85,193.86,191.61,192.59
2015-09-08,195.94,197.61,195.17,197.43
2015-09-09,199.32,199.47,194.35,194.79
2015-09-10,194.56,197.22,194.25,195.85
2015-09-11,195.375,196.82,194.53,196.74
2015-09-14,196.95,197.01,195.43,196.01
2015-09-15,196.61,198.99,195.9612,198.46
2015-09-16,198.82,200.41,198.41,200.18
2015-09-17,200.02,202.89,199.28,199.73
2015-09-18,195.71,198.6844,194.96,195.45
2015-09-21,196.44,197.68,195.21,196.46
2015-09-22,193.88,194.46,192.56,193.91
2015-09-23,194.11,194.67,192.91,193.6
2015-09-24,192.15,193.45,190.56,192.9
2015-09-25,194.64,195,191.81,192.85
2015-09-28,191.78,191.91,187.64,188.01
2015-09-29,188.27,189.74,186.93,188.12
2015-09-30,190.37,191.825,189.44,191.63
2015-10-01,192.08,192.49,189.82,192.13
2015-10-02,189.77,195.03,189.12,195
2015-10-05,196.46,198.74,196.33,198.47
2015-10-06,198.31,198.98,197,197.79
2015-10-07,198.9,199.825,197.48,199.41
2015-10-08,198.95,201.55,198.59,201.21
2015-10-09,201.38,201.9,200.58,201.33
2015-10-12,201.42,201.76,200.91,201.52
2015-10-13,200.65,202.16,200.05,200.25
2015-10-14,200.18,200.87,198.94,199.29
2015-10-15,200.08,202.36,199.64,202.35
2015-10-16,202.83,203.29,201.92,203.27
2015-10-19,202.5,203.37,202.13,203.37
2015-10-20,202.85,203.84,202.5471,203.11
2015-10-21,203.61,203.79,201.65,201.85
2015-10-22,202.98,205.51,201.85,205.26
2015-10-23,207.25,207.95,206.3,207.51
2015-10-26,207.3,207.37,206.56,207
2015-10-27,206.2,207,205.79,206.6
2015-10-28,207,208.98,206.21,208.95
2015-10-29,208.35,209.27,208.21,208.83
2015-10-30,209.06,209.44,207.74,207.93
2015-11-02,208.32,210.62,208.17,210.39
2015-11-03,209.97,211.66,209.7,211
2015-11-04,211.35,211.5,209.7201,210.36
2015-11-05,210.43,210.98,209.09,210.15
2015-11-06,209.74,210.32,208.46,210.04
2015-11-09,209.31,209.49,206.95,208.08
2015-11-10,207.51,208.6,207.19,208.56
2015-11-11,208.88,208.94,207.66,207.74
2015-11-12,206.5,207.06,204.82,204.84
2015-11-13,204.35,204.67,202.435,202.54
2015-11-16,202.32,205.69,202.18,205.62
2015-11-17,205.99,207.04,204.88,205.47
2015-11-18,206.04,208.9,205.99,208.73
2015-11-19,208.59,209.05,208.2,208.55
2015-11-20,209.45,210.12,208.86,209.3108
2015-11-23,209.38,209.98,208.52,209.07
2015-11-24,207.87,209.83,207.41,209.35
2015-11-25,209.5,209.74,209.01,209.32
2015-11-27,209.43,209.8,208.86,209.56
2015-11-30,209.75,209.89,208.56,208.69
2015-12-01,209.44,210.82,209.11,210.68
2015-12-02,210.615,211,208.23,208.529
2015-12-03,208.83,209.15,204.7511,205.61
2015-12-04,206.08,209.97,205.93,209.62
2015-12-07,209.23,209.7295,207.2,208.35
2015-12-08,206.49,208.289,205.78,206.949
2015-12-09,206.19,208.68,204.18,205.34
2015-12-10,205.42,207.43,205.14,205.87
2015-12-11,203.35,204.14,201.51,201.88
2015-12-14,202.07,203.05,199.95,202.9008
2015-12-15,204.7,206.11,202.8666,205.0308
2015-12-16,206.365,208.39,204.8,208.03
2015-12-17,208.4,208.48,204.84,204.86
2015-12-18,202.77,202.93,199.83,200.0208
2015-12-21,201.41,201.88,200.09,201.67
2015-12-22,202.715,203.85,201.55,203.5
2015-12-23,204.69,206.07,204.58,206.02
2015-12-24,205.72,206.33,205.42,205.68
2015-12-28,204.86,205.26,203.94,205.21
2015-12-29,206.51,207.79,206.47,207.4
2015-12-30,207.11,207.21,205.76,205.93
2015-12-31,205.13,205.89,203.87,203.87
2016-01-04,200.49,201.03,198.59,201.0192
2016-01-05,201.4,201.9,200.05,201.36
2016-01-06,198.34,200.06,197.6,198.82
2016-01-07,195.33,197.44,193.59,194.05
2016-01-08,195.19,195.85,191.58,191.923
2016-01-11,193.01,193.41,189.82,192.11
2016-01-12,193.82,194.55,191.14,193.6608
2016-01-13,194.45,194.86,188.38,188.83
2016-01-14,189.55,193.26,187.66,191.93
2016-01-15,186.77,188.76,185.52,187.81
2016-01-19,189.96,190.11,186.2,188.06
2016-01-20,185.03,187.495,181.02,185.65
2016-01-21,186.21,188.87,184.64,186.69
2016-01-22,189.78,190.76,188.88,190.52
2016-01-25,189.92,190.15,187.41,187.64
2016-01-26,188.42,190.53,188.02,190.2
2016-01-27,189.58,191.56,187.06,188.13
2016-01-28,189.96,190.2,187.16,189.11
2016-01-29,190.02,193.88,189.88,193.7208
2016-02-01,192.53,194.58,191.84,193.65
2016-02-02,191.96,191.97,189.54,190.16
2016-02-03,191.41,191.78,187.1,191.3
2016-02-04,190.71,192.75,189.96,191.6
2016-02-05,190.99,191.6696,187.2,187.95
2016-02-08,185.77,186.12,182.8,185.42
2016-02-09,183.36,186.94,183.2,185.43
2016-02-10,186.41,188.34,185.12,185.27
2016-02-11,182.34,184.1,181.09,182.86
2016-02-12,184.96,186.65,183.96,186.63
2016-02-16,188.77,189.81,187.63,189.78
2016-02-17,191.16,193.32,191.01,192.88
2016-02-18,193.2,193.27,191.72,192.09
2016-02-19,191.17,192.18,190.45,192
2016-02-22,193.87,194.95,193.79,194.78
2016-02-23,194,194.32,192.18,192.32
2016-02-24,190.63,193.53,189.32,193.2
2016-02-25,193.73,195.55,192.83,195.54
2016-02-26,196.57,196.68,194.9,195.0892
2016-02-29,195.11,196.23,193.33,193.56
2016-03-01,195.01,198.21,194.4542,198.11
2016-03-02,197.74,199.06,197.25,199
2016-03-03,198.79,199.795,198.11,199.775
2016-03-04,200.01,201.35,199.03,200.43
2016-03-07,199.34,201.07,199.25,200.59
2016-03-08,199.32,199.92,198.21,198.4
2016-03-09,199.36,199.79,198.43,199.38
2016-03-10,199.96,201.07,197.38,199.54
2016-03-11,201.26,202.81,199.5179,202.76
2016-03-14,202.16,203.04,201.77,202.5
2016-03-15,201.36,202.5307,201.05,202.17
2016-03-16,201.6,203.82,201.55,203.34
2016-03-17,203.24,205.23,202.77,204.63
2016-03-18,204.17,204.78,203.8,204.38
2016-03-21,204.07,204.94,203.8,204.67
2016-03-22,203.76,205.23,203.57,204.56
2016-03-23,204.11,204.33,203.01,203.2092
2016-03-24,202,203.16,201.74,203.12
2016-03-28,203.61,203.86,202.705,203.24
2016-03-29,202.76,205.25,202.4,205.1208
2016-03-30,206.3,206.87,205.59,206.02
2016-03-31,205.91,206.41,205.33,205.52
2016-04-01,204.35,207.14,203.98,206.92
2016-04-04,206.83,207.07,205.89,206.25
2016-04-05,204.67,206.2642,203.89,204.1892
2016-04-06,204.29,206.49,203.98,206.42
2016-04-07,205.14,205.56,203.09,203.95
2016-04-08,205.34,205.85,203.87,204.4992
2016-04-11,205.25,206.07,203.91,204.0201
2016-04-12,204.22,206.25,203.7,205.92
2016-04-13,207,208.1,206.84,208.0008
2016-04-14,208.07,208.6,207.6,208.01
2016-04-15,208.01,208.1721,207.4,207.78
2016-04-18,207.14,209.28,207,209.2392
2016-04-19,209.74,210.2,208.94,209.9
2016-04-20,209.95,210.92,209.39,210.1
2016-04-21,210.12,210.25,208.65,208.97
2016-04-22,208.55,209.29,207.91,208.97
2016-04-25,208.26,208.66,207.54,208.61
2016-04-26,209.04,209.52,208.36,208.9192
2016-04-27,208.47,209.81,208.05,209.35
2016-04-28,208.46,209.76,206.96,207.4475
2016-04-29,206.72,207.13,205.03,206.3308
2016-05-02,206.92,208.18,206.41,207.97
2016-05-03,206.52,206.8,205.28,206.1592
2016-05-04,204.99,205.85,204.42,205.01
2016-05-05,205.56,205.98,204.47,204.97
2016-05-06,204.06,205.77,203.88,205.72
2016-05-09,205.57,206.4,205.36,205.8892
2016-05-10,206.72,208.5,206.64,208.45
2016-05-11,207.91,208.54,206.5,206.5
2016-05-12,207.29,207.4899,205.37,206.56
2016-05-13,206.21,206.86,204.38,204.76
2016-05-16,204.96,207.34,204.89,206.78
2016-05-17,206.46,206.8,204.23,204.8508
2016-05-18,204.44,206.3,203.63,204.91
2016-05-19,204.06,204.54,202.78,204.2
2016-05-20,204.92,206.1,204.86,205.49
2016-05-23,205.51,205.84,204.985,205.21
2016-05-24,206.17,208.24,206.14,207.87
2016-05-25,208.67,209.77,207.8691,209.28
2016-05-26,209.44,209.71,208.97,209.34
2016-05-27,209.53,210.25,209.47,210.24
2016-05-31,210.56,210.69,209.18,209.84
2016-06-01,209.12,210.48,208.89,210.27
2016-06-02,209.8,210.93,209.2399,210.91
2016-06-03,210.25,210.69,208.86,210.28
2016-06-06,210.7,211.77,210.51,211.35
2016-06-07,211.525,212.34,211.5,211.68
2016-06-08,211.84,212.52,211.6899,212.37
2016-06-09,211.51,212.22,211.19,212.08
2016-06-10,210.46,210.86,209.43,210.07
2016-06-13,209.36,210.37,208.35,208.4492
2016-06-14,208,208.74,206.9199,208.04
2016-06-15,208.54,209.36,207.53,207.75
2016-06-16,206.73,208.57,205.59,208.37
2016-06-17,207.17,207.2,205.75,206.52
2016-06-20,208.82,209.61,207.75,207.85
2016-06-21,208.3,208.92,207.78,208.44
2016-06-22,208.65,209.5,207.93,208.1
2016-06-23,209.81,210.87,209.27,210.81
2016-06-24,203.63,210.8463,202.72,203.13
2016-06-27,201.59,201.6,198.65,199.6
2016-06-28,201.48,203.23,201.12,203.1997
2016-06-29,204.84,206.93,204.72,206.66
2016-06-30,207.21,209.54,206.56,209.475
2016-07-01,209.36,210.49,209.29,209.9208
2016-07-05,208.95,209.08,207.71,208.41
2016-07-06,207.83,209.8,207.06,209.66
2016-07-07,209.87,210.6495,208.63,209.526
2016-07-08,211.05,212.94,210.7785,212.65
2016-07-11,213.19,214.07,212.95,213.4
2016-07-12,214.53,215.3,213.4308,214.95
2016-07-13,215.44,215.45,214.35,214.92
2016-07-14,216.4,216.67,215.66,216.12
2016-07-15,216.78,217.0125,215.308,215.83
2016-07-18,215.97,216.6,215.67,216.4092
2016-07-19,215.92,216.23,215.63,216.19
2016-07-20,216.75,217.37,216.24,217.085
2016-07-21,216.96,217.22,215.75,216.265
2016-07-22,216.41,217.3,216.1,217.24
2016-07-25,217,217.06,215.97,216.65
2016-07-26,216.53,217.17,215.76,216.75
2016-07-27,217.19,217.27,215.62,216.52
2016-07-28,216.29,217.11,215.75,216.77
2016-07-29,216.46,217.54,216.13,217.12
2016-08-01,217.19,217.65,216.405,216.94
2016-08-02,216.65,216.83,214.57,215.5492
2016-08-03,215.48,216.245,215.13,216.18
2016-08-04,216.31,216.78,214.25,216.4097
2016-08-05,217.21,218.23,217.07,218.18
2016-08-08,218.4,218.52,217.74,218.05
2016-08-09,218.13,218.76,217.8,218.18
2016-08-10,218.31,218.4038,217.23,217.64
2016-08-11,218.26,218.94,217.95,218.65
2016-08-12,218.29,218.71,217.99,218.46
2016-08-15,218.89,219.5,218.88,219.09
2016-08-16,218.6,218.68,217.96,217.96
2016-08-17,218,218.53,217.02,218.37
2016-08-18,218.34,218.9,218.21,218.86
2016-08-19,218.31,218.75,217.74,218.54
2016-08-22,218.26,218.8,217.83,218.53
2016-08-23,219.25,219.6,218.9,218.97
2016-08-24,218.8,218.91,217.36,217.85
2016-08-25,217.4,218.19,217.22,217.7
2016-08-26,217.92,219.12,216.25,217.29
2016-08-29,217.44,218.665,217.4,218.3608
2016-08-30,218.26,218.59,217.35,218
2016-08-31,217.61,217.75,216.465,217.38
2016-09-01,217.37,217.73,216.03,217.39
2016-09-02,218.39,218.87,217.7,218.37
2016-09-06,218.7,219.12,217.86,219.0308
2016-09-07,218.84,219.22,218.3,219.01
2016-09-08,218.62,218.94,218.15,218.51
2016-09-09,216.97,217.03,213.25,213.28
2016-09-12,212.39,216.81,212.31,216.34
2016-09-13,214.84,215.1499,212.5,213.23
2016-09-14,213.29,214.7,212.5,213.15
2016-09-15,212.96,215.73,212.75,215.28
2016-09-16,213.48,213.69,212.57,213.37
2016-09-19,214.13,214.88,213.03,213.41
2016-09-20,214.41,214.59,213.38,213.42
2016-09-21,214.24,216.03,213.44,215.82
2016-09-22,217,217.53,216.71,217.18
2016-09-23,216.72,216.88,215.88,215.99
2016-09-26,215.02,215.23,214.01,214.24
2016-09-27,214.05,215.68,213.62,215.57
2016-09-28,215.83,216.82,214.71,216.64
2016-09-29,216.4,216.87,214.04,214.68
2016-09-30,215.65,217.12,215.36,216.3
2016-10-03,215.82,216.04,215.04,215.78
2016-10-04,215.91,216.17,213.99,214.68
2016-10-05,215.41,216.13,215.33,215.63
2016-10-06,215.37,216.04,214.735,215.78
2016-10-07,216.1,216.3,214.19,215.04
2016-10-10,216.155,216.7,215.985,216.16
2016-10-11,215.66,215.74,212.58,213.43
2016-10-12,213.59,214.32,213.01,213.71
2016-10-13,212.16,213.59,211.21,213.01
2016-10-14,214.15,214.69,213.03,213.12
2016-10-17,213.09,213.39,212.17,212.38
2016-10-18,214.24,214.31,213.27,213.71
2016-10-19,214.02,214.64,213.6,214.28
2016-10-20,213.87,214.53,213.11,213.88
2016-10-21,212.96,214.08,212.76,213.98
2016-10-24,215,215.32,214.48,214.89
2016-10-25,214.68,214.98,213.98,214.17
2016-10-26,213.21,214.42,212.93,213.74
2016-10-27,214.58,214.62,213.08,213.17
2016-10-28,213.14,213.93,211.71,212.54
2016-10-31,212.93,213.19,212.36,212.55
2016-11-01,212.93,212.99,209.6,211.01
2016-11-02,210.65,211.1,209.23,209.74
2016-11-03,209.99,210.24,208.46,208.78
2016-11-04,208.91,209.89,208.38,208.55
2016-11-07,211.45,213.19,211.3,213.15
2016-11-08,212.69,214.77,212.38,214.11
2016-11-09,212.37,217.1,212.34,216.3792
2016-11-10,217.3,218.31,215.22,216.92
2016-11-11,216.08,216.7,215.32,216.42
2016-11-14,217.03,217.27,215.72,216.59
2016-11-15,217.04,218.28,216.8,218.28
2016-11-16,217.56,218.14,217.42,217.87
2016-11-17,218.05,219.06,217.92,218.99
2016-11-18,219.07,219.27,218.29,218.5
2016-11-21,219.17,220.18,219,220.15
2016-11-22,220.51,220.79,219.73,220.58
2016-11-23,219.98,220.76,219.75,220.7
2016-11-25,221.1,221.56,221.01,221.52
2016-11-28,221.16,221.48,220.36,220.48
2016-11-29,220.52,221.44,220.17,220.91
2016-11-30,221.63,221.82,220.31,220.38
2016-12-01,220.73,220.73,219.15,219.57
2016-12-02,219.67,220.25,219.26,219.68
2016-12-05,220.65,221.4,220.42,221
2016-12-06,221.22,221.7441,220.662,221.7
2016-12-07,221.52,224.67,221.38,224.6
2016-12-08,224.57,225.7,224.26,225.15
2016-12-09,225.41,226.53,225.37,226.51
2016-12-12,226.4,226.96,225.76,226.25
2016-12-13,227.02,228.34,227,227.76
2016-12-14,227.41,228.23,225.365,225.88
2016-12-15,226.16,227.81,225.8904,226.81
2016-12-16,226.01,226.08,224.67,225.04
2016-12-19,225.25,226.02,225.08,225.53
2016-12-20,226.15,226.57,225.88,226.4
2016-12-21,226.25,226.45,225.77,225.77
2016-12-22,225.6,225.74,224.92,225.38
2016-12-23,225.43,225.72,225.21,225.71
2016-12-27,226.02,226.73,226,226.27
2016-12-28,226.57,226.59,224.27,224.4
2016-12-29,224.48,224.89,223.84,224.35
2016-12-30,224.73,224.83,222.73,223.53
2017-01-03,225.04,225.83,223.8837,225.24
2017-01-04,225.62,226.75,225.61,226.58
2017-01-05,226.27,226.58,225.48,226.4
2017-01-06,226.53,227.75,225.9,227.21
2017-01-09,226.91,227.0701,226.4163,226.46
2017-01-10,226.48,227.45,226.01,226.46
2017-01-11,226.36,227.1,225.59,227.1
2017-01-12,226.5,226.75,224.955,226.53
2017-01-13,226.73,227.4,226.69,227.05
2017-01-17,226.31,226.78,225.8,226.25
2017-01-18,226.535,226.8,225.9,226.75
2017-01-19,226.84,227,225.41,225.91
2017-01-20,226.7,227.31,225.9719,226.74
2017-01-23,226.35,226.805,225.27,226.15
2017-01-24,226.4,228.08,226.27,227.6
2017-01-25,228.7,229.57,228.51,229.57
2017-01-26,229.4,229.71,229.01,229.33
2017-01-27,229.42,229.59,228.76,228.97
2017-01-30,228.17,228.2,226.41,227.55
2017-01-31,226.98,227.6,226.32,227.53
2017-02-01,228.255,228.59,226.94,227.62
2017-02-02,227.2,228.1,226.82,227.77
2017-02-03,228.82,229.55,228.46,229.34
2017-02-06,228.87,229.326,228.54,228.93
2017-02-07,229.38,229.6556,228.72,228.94
2017-02-08,228.61,229.39,228.31,229.24
2017-02-09,229.56,230.95,229.52,230.6
2017-02-10,231,231.77,230.6216,231.51
2017-02-13,232.08,233.07,232.05,232.77
2017-02-14,232.56,233.71,232.16,233.7
2017-02-15,233.45,235.14,233.39,234.92
2017-02-16,234.96,235.155,233.85,234.72
2017-02-17,233.95,235.09,233.93,235.09
2017-02-21,235.52,236.69,235.51,236.49
2017-02-22,236.02,236.54,235.83,236.28
2017-02-23,236.88,236.9,235.56,236.44
2017-02-24,235.46,236.7932,235.41,236.74
2017-02-27,236.64,237.31,236.35,237.11
2017-02-28,236.67,236.95,236.015,236.47
2017-03-01,238.39,240.32,238.37,239.78
2017-03-02,239.56,239.57,238.21,238.27
2017-03-03,238.17,238.61,237.73,238.42
2017-03-06,237.5,238.12,237.01,237.71
2017-03-07,237.36,237.77,236.76,237
2017-03-08,237.34,237.64,236.4,236.56
2017-03-09,236.7,237.24,235.74,236.86
2017-03-10,237.97,238.02,236.59,237.69
2017-03-13,237.62,237.86,237.24,237.81
2017-03-14,237.18,237.24,236.19,236.9
2017-03-15,237.56,239.44,237.29,238.95
2017-03-16,239.11,239.2,238.1,238.48
2017-03-17,237.75,237.97,237.03,237.03
2017-03-20,237.03,237.36,236.32,236.77
2017-03-21,237.47,237.61,233.58,233.73
2017-03-22,233.77,234.61,233.05,234.28
2017-03-23,234,235.34,233.6,234.03
2017-03-24,234.38,235.04,232.96,233.86
2017-03-27,231.93,233.92,231.61,233.62
2017-03-28,233.27,235.81,233.14,235.32
2017-03-29,234.99,235.81,234.725,235.54
2017-03-30,235.47,236.52,235.27,236.29
2017-03-31,235.9,236.51,235.68,235.74
2017-04-03,235.8,236.03,233.91,235.33
2017-04-04,235,235.58,234.555,235.48
2017-04-05,236.26,237.39,234.54,234.78
2017-04-06,234.94,236.04,234.425,235.44
2017-04-07,235.15,236,234.64,235.2
2017-04-10,235.36,236.255,234.73,235.34
2017-04-11,234.9,235.18,233.34,235.06
2017-04-12,234.74,234.96,233.77,234.03
2017-04-13,233.64,234.49,232.51,232.51
2017-04-17,233.11,234.57,232.88,234.57
2017-04-18,233.72,234.49,233.08,233.87
2017-04-19,234.52,234.95,233.18,233.44
2017-04-20,234.15,235.845,233.78,235.34
2017-04-21,235.25,235.31,234.13,234.59
2017-04-24,237.18,237.41,234.5628,237.17
2017-04-25,237.91,238.95,237.81,238.55
2017-04-26,238.51,239.53,238.35,238.4
2017-04-27,238.77,238.95,237.98,238.6
2017-04-28,238.9,238.93,237.93,238.08
2017-05-01,238.68,239.17,238.195,238.68
2017-05-02,238.84,238.98,238.3,238.77
2017-05-03,238.29,238.8775,237.7,238.48
2017-05-04,238.83,238.9225,237.78,238.76
2017-05-05,239.19,239.72,238.68,239.7
2017-05-08,239.75,239.92,239.17,239.66
2017-05-09,239.96,240.19,239.04,239.44
2017-05-10,239.39,239.87,239.15,239.87
2017-05-11,239.35,239.57,238.13,239.38
2017-05-12,239.09,239.4273,238.67,238.98
2017-05-15,239.47,240.44,239.45,240.3
2017-05-16,240.64,240.67,239.63,240.08
2017-05-17,238.1,238.64,235.75,235.82
2017-05-18,235.73,237.75,235.43,236.77
2017-05-19,237.33,239.08,237.27,238.31
2017-05-22,238.9,239.71,238.82,239.52
2017-05-23,239.95,240.24,239.51,240.05
2017-05-24,240.32,240.73,239.93,240.61
2017-05-25,241.2,242.08,240.96,241.76
2017-05-26,241.54,241.9,241.45,241.71
2017-05-30,241.34,241.79,241.16,241.5
2017-05-31,241.84,241.88,240.64,241.44
2017-06-01,241.97,243.38,241.64,243.36
2017-06-02,243.42,244.35,243.08,244.17
2017-06-05,243.97,244.3,243.76,243.99
2017-06-06,243.34,243.98,243.12,243.21
2017-06-07,243.6,243.92,242.83,243.66
2017-06-08,243.77,244.33,243.17,243.78
2017-06-09,244.09,245.01,241.95,243.41
2017-06-12,243.13,243.42,242.38,243.36
2017-06-13,243.98,244.61,243.5799,244.55
2017-06-14,244.86,244.87,243.29,244.24
2017-06-15,242.68,243.91,242.36,243.77
2017-06-16,242.77,242.83,241.6337,242.64
2017-06-19,243.59,244.73,243.48,244.66
2017-06-20,244.25,244.26,242.99,243.01
2017-06-21,243.42,243.59,242.41,242.95
2017-06-22,242.96,243.53,242.64,242.84
2017-06-23,242.91,243.51,242.47,243.13
2017-06-26,243.9,244.38,243.045,243.29
2017-06-27,243.04,243.38,241.31,241.33
2017-06-28,242.5,243.715,242.23,243.49
2017-06-29,243.66,243.72,239.955,241.35
2017-06-30,242.28,242.71,241.575,241.8
2017-07-03,242.88,243.38,242.21,242.21
2017-07-05,242.63,243.01,241.7,242.77
2017-07-06,241.89,242.03,240.34,240.55
2017-07-07,241.21,242.28,240.5645,242.11
2017-07-10,241.95,242.8,241.76,242.37
2017-07-11,242.16,242.55,240.85,242.19
2017-07-12,243.3,244.2,243.3,244.01
2017-07-13,244.02,244.55,243.76,244.42
2017-07-14,244.43,245.97,244.31,245.56
2017-07-17,245.47,245.91,245.33,245.53
2017-07-18,245.06,245.72,244.67,245.66
2017-07-19,246.02,247,246.01,246.99
2017-07-20,247.28,247.42,246.47,247.1
2017-07-21,246.44,246.91,246.18,246.88
2017-07-24,246.79,246.98,246.28,246.82
2017-07-25,247.68,247.8,247.16,247.42
2017-07-26,247.75,247.79,247.13,247.43
2017-07-27,247.96,248,245.68,247.2
2017-07-28,246.65,247.06,246.13,246.91
2017-07-31,247.37,247.48,246.53,246.77
2017-08-01,247.46,247.5,246.716,247.32
2017-08-02,247.47,247.6,246.37,247.44
2017-08-03,247.31,247.34,246.64,246.96
2017-08-04,247.52,247.79,246.97,247.41
2017-08-07,247.49,247.87,247.37,247.87
2017-08-08,247.51,248.91,246.83,247.26
2017-08-09,246.47,247.31,246.06,247.25
2017-08-10,246.29,246.44,243.7,243.76
2017-08-11,244.02,244.8,243.75,244.12
2017-08-14,245.59,246.79,245.55,246.54
2017-08-15,246.98,247,246.16,246.51
2017-08-16,247.11,247.57,246.45,246.94
2017-08-17,246.24,246.6,243.09,243.09
2017-08-18,242.9,244.189,242.2,242.71
2017-08-21,242.64,243.2,241.83,242.9
2017-08-22,243.57,245.62,243.55,245.44
2017-08-23,244.33,245.05,244.16,244.56
2017-08-24,245,245.18,243.75,243.99
2017-08-25,244.9,245.61,244.39,244.56
2017-08-28,245.17,245.2,244.09,244.57
2017-08-29,243.06,245.15,242.93,244.85
2017-08-30,244.83,246.32,244.62,246.01
2017-08-31,246.72,247.77,246.0473,247.49
2017-09-01,247.92,248.33,247.67,247.84
2017-09-05,247.26,247.52,244.95,246.06
2017-09-06,246.84,247.28,246.23,246.9
2017-09-07,247.25,247.27,246.4,246.87
2017-09-08,246.54,247.11,246.3,246.58
2017-09-11,248.04,249.3,248.02,249.21
2017-09-12,249.63,250.09,249.42,250.05
2017-09-13,249.72,250.21,249.59,250.17
2017-09-14,249.8,250.32,249.6,250.09
2017-09-15,248.69,249.29,248.57,249.19
2017-09-18,249.61,250.12,249.28,249.72
2017-09-19,250,250.07,249.6,249.97
2017-09-20,250.07,250.19,248.92,250.06
2017-09-21,249.88,249.98,249.185,249.39
2017-09-22,249.05,249.63,249.02,249.44
2017-09-25,249.15,249.5532,248.08,248.93
2017-09-26,249.42,249.7,248.805,249.08
2017-09-27,249.88,250.49,248.87,250.05
2017-09-28,249.73,250.44,249.63,250.35
2017-09-29,250.34,251.32,250.13,251.23
2017-10-02,251.49,252.32,251.2926,252.32
2017-10-03,252.46,252.89,252.23,252.86
2017-10-04,252.69,253.44,252.56,253.16
2017-10-05,253.54,254.68,253.196,254.66
2017-10-06,254.15,254.7008,253.85,254.37
2017-10-09,254.63,254.7,253.65,253.95
2017-10-10,254.6,255.05,253.98,254.62
2017-10-11,254.51,255.02,254.32,255.02
2017-10-12,254.66,255.06,254.365,254.64
2017-10-13,255.14,255.27,254.64,254.95
2017-10-16,255.21,255.51,254.82,255.29
2017-10-17,255.23,255.52,254.98,255.47
2017-10-18,255.9,255.95,255.5,255.72
2017-10-19,254.83,255.83,254.35,255.79
2017-10-20,256.7,257.14,255.7744,257.11
2017-10-23,257.48,257.51,256.02,256.11
2017-10-24,256.6,256.83,256.15,256.56
2017-10-25,256.18,256.31,254,255.29
2017-10-26,255.99,256.3,255.48,255.62
2017-10-27,256.47,257.89,255.6254,257.71
2017-10-30,257.07,257.6,256.41,256.75
2017-10-31,257.18,257.44,256.805,257.15
2017-11-01,258.04,258.43,257.07,257.49
2017-11-02,257.41,257.75,256.19,257.59
2017-11-03,257.77,258.5,257.3,258.45
2017-11-06,258.3,259,258.22,258.85
2017-11-07,258.97,259.35,258.09,258.67
2017-11-08,258.47,259.22,258.15,259.11
2017-11-09,257.73,258.39,256.36,258.17
2017-11-10,257.73,258.2926,257.37,258.09
2017-11-13,257.31,258.59,257.27,258.33
2017-11-14,257.41,257.85,256.52,257.73
2017-11-15,256.62,257.22,255.63,256.44
2017-11-16,257.52,259.04,257.4748,258.62
2017-11-17,258.22,258.5882,257.77,257.86
2017-11-20,258.14,258.525,257.86,258.3
2017-11-21,259.18,260.2,258.2627,259.99
2017-11-22,260,260.15,259.57,259.76
2017-11-24,260.32,260.48,260.16,260.36
2017-11-27,260.41,260.75,260,260.23
2017-11-28,260.76,262.9,260.655,262.87
2017-11-29,263.02,263.63,262.2,262.71
2017-11-30,263.76,266.05,263.67,265.01
2017-12-01,264.76,265.31,260.76,264.46
2017-12-04,266.31,266.8,264.08,264.14
2017-12-05,264.43,265.15,263.04,263.19
2017-12-06,262.87,263.73,262.71,263.24
2017-12-07,263.09,264.43,262.94,264.07
2017-12-08,264.99,265.52,264.0315,265.51
2017-12-11,265.58,266.38,265.4793,266.31
2017-12-12,266.57,267.32,266.345,266.78
2017-12-13,267.06,267.56,266.65,266.75
2017-12-14,267.09,267.22,265.6,265.66
2017-12-15,265.45,267.04,265.39,266.51
2017-12-18,268.1,268.6,267.98,268.2
2017-12-19,268.48,268.53,267.09,267.17
2017-12-20,268.27,268.33,266.69,267.03
2017-12-21,267.74,268.385,267.3,267.58
2017-12-22,267.6,267.635,266.9,267.51
2017-12-26,267.05,267.4377,266.885,267.19
2017-12-27,267.38,267.73,267.01,267.32
2017-12-28,267.89,267.92,267.45,267.87
2017-12-29,268.53,268.55,266.64,266.86
2018-01-02,267.84,268.81,267.4,268.77
2018-01-03,268.96,270.64,268.96,270.47
2018-01-04,271.2,272.16,270.5447,271.61
2018-01-05,272.51,273.56,271.95,273.42
2018-01-08,273.31,274.1,272.98,273.92
2018-01-09,274.4,275.25,274.081,274.54
2018-01-10,273.68,274.42,272.92,274.12
2018-01-11,274.75,276.12,274.56,276.12
2018-01-12,276.42,278.11,276.0819,277.92
2018-01-16,279.35,280.09,276.18,276.97
2018-01-17,278.03,280.05,276.97,279.61
2018-01-18,279.48,279.96,278.58,279.14
2018-01-19,279.8,280.41,279.14,280.41
2018-01-22,280.17,282.69,280.11,282.69
2018-01-23,282.74,283.62,282.37,283.29
2018-01-24,284.02,284.7,281.84,283.18
2018-01-25,284.16,284.27,282.405,283.3
2018-01-26,284.25,286.6285,283.96,286.58
2018-01-29,285.93,286.43,284.5,284.68
2018-01-30,282.6,284.736,281.22,281.76
2018-01-31,282.73,283.3,280.68,281.9
2018-02-01,281.07,283.06,280.68,281.58
2018-02-02,280.08,280.23,275.41,275.45
2018-02-05,273.45,275.85,263.31,263.93
2018-02-06,259.94,269.7,258.7,269.13
2018-02-07,268.5,272.36,267.58,267.67
2018-02-08,268.01,268.17,257.59,257.63
2018-02-09,260.8,263.61,252.92,261.5
2018-02-12,263.83,267.01,261.6644,265.34
2018-02-13,263.97,266.62,263.31,266
2018-02-14,264.31,270,264.3,269.59
2018-02-15,271.57,273.04,268.77,273.03
2018-02-16,272.32,275.32,272.27,273.11
2018-02-20,272.03,273.67,270.5,271.4
2018-02-21,271.9,274.72,269.94,270.05
2018-02-22,271.1,273.05,269.64,270.4
2018-02-23,271.79,274.71,271.25,274.71
2018-02-26,275.93,278.01,275.26,277.9
2018-02-27,278.11,278.92,274.36,274.43
2018-02-28,275.68,276.19,271.29,271.65
2018-03-01,271.41,273.17,266,267.7
2018-03-02,265.8,269.72,264.82,269.08
2018-03-05,267.73,272.89,267.61,272.19
2018-03-06,273.3,273.39,271.18,272.88
2018-03-07,270.42,273.18,270.2,272.78
2018-03-08,273.55,274.24,272.42,274.1
2018-03-09,275.7,278.87,275.34,278.87
2018-03-12,279.2,279.91,278.0801,278.52
2018-03-13,279.84,280.41,276.03,276.72
2018-03-14,277.81,278.02,274.67,275.3
2018-03-15,275.88,276.61,274.43,275
2018-03-16,274.5,275.39,274.14,274.2
2018-03-19,273.35,274.3957,268.62,270.49
2018-03-20,270.94,271.67,270.18,270.95
2018-03-21,270.9,273.27,270.19,270.43
2018-03-22,267.91,268.87,263.36,263.67
2018-03-23,264.17,265.02,257.83,258.05
2018-03-26,262.13,265.43,259.41,265.11
2018-03-27,266.17,266.77,258.84,260.6
2018-03-28,260.75,262.64,258.58,259.83
2018-03-29,261.12,265.26,259.8389,263.15
2018-04-02,262.55,263.13,254.67,257.47
2018-04-03,258.87,261.31,256.84,260.77
2018-04-04,256.75,264.355,256.6,263.56
2018-04-05,265.55,266.64,264.32,265.64
2018-04-06,263.42,265.11,258,259.72
2018-04-09,261.37,264.84,259.9356,261
2018-04-10,264.27,266.04,262.98,265.15
2018-04-11,263.47,265.64,263.39,263.76
2018-04-12,265.26,267,265.06,265.93
2018-04-13,267.41,267.54,264.01,265.15
2018-04-16,267,268.2,266.07,267.33
2018-04-17,269.33,270.87,268.75,270.19
2018-04-18,270.69,271.3,269.87,270.39
2018-04-19,269.65,269.88,267.72,268.89
2018-04-20,268.81,269.06,265.61,266.61
2018-04-23,267.26,267.89,265.35,266.57
2018-04-24,267.73,267.9762,261.28,262.98
2018-04-25,262.91,264.13,260.85,263.63
2018-04-26,264.79,267.2452,264.29,266.31
2018-04-27,267,267.34,265.5,266.56
2018-04-30,267.26,267.89,264.43,264.51
2018-05-01,263.87,265.1,262.11,264.98
2018-05-02,264.76,265.68,262.76,263.2
2018-05-03,262.26,263.36,259.05,262.62
2018-05-04,261.52,266.7892,261.15,266.02
2018-05-07,266.89,268.02,266.11,266.92
2018-05-08,266.5,267.325,265.15,266.92
2018-05-09,267.68,269.865,267.09,269.5
2018-05-10,270.34,272.39,270.22,272.02
2018-05-11,272.16,273.15,271.58,272.85
2018-05-14,273.34,274.08,272.36,272.98
2018-05-15,271.59,271.61,270.03,271.1
2018-05-16,271.14,272.76,271.11,272.24
2018-05-17,271.94,273.23,271.13,272.01
2018-05-18,271.62,272.03,270.93,271.33
2018-05-21,273.01,273.98,271.3512,273.37
2018-05-22,273.96,274.25,272.24,272.61
2018-05-23,271.17,273.39,270.99,273.36
2018-05-24,272.91,273.22,270.78,272.8
2018-05-25,272.15,272.86,271.58,272.15
2018-05-29,270.31,271.17,267.76,269.02
2018-05-30,270.5,273.11,270.42,272.61
2018-05-31,272.15,272.49,270.255,270.94
2018-06-01,272.41,273.94,272.33,273.6
2018-06-04,274.53,275.185,274.26,274.9
2018-06-05,275.05,275.53,274.18,275.1
2018-06-06,275.79,277.52,275.09,277.4
2018-06-07,277.95,278.28,276.34,277.37
2018-06-08,276.85,278.25,276.66,278.19
2018-06-11,278.44,279.37,278.31,278.56
2018-06-12,279.03,279.33,278.19,278.92
2018-06-13,279.19,279.48,277.8,278.03
2018-06-14,279.01,279.33,278.0599,278.73
2018-06-15,276.6,277.51,275.35,277.13
2018-06-18,275.49,276.7,274.95,276.56
2018-06-19,274,275.75,273.53,275.5
2018-06-20,276.27,276.72,275.59,275.97
2018-06-21,275.96,275.98,273.68,274.24
2018-06-22,275.66,275.785,274.49,274.74
2018-06-25,273.44,273.6162,269.1,271
2018-06-26,271.64,272.56,270.79,271.6
2018-06-27,272.26,273.865,269.18,269.35
2018-06-28,269.29,271.75,268.49,270.89
2018-06-29,272.12,273.66,271.1495,271.28
2018-07-02,269.51,272.04,269.24,271.86
2018-07-03,272.87,272.98,270.42,270.9
2018-07-05,272.17,273.18,270.96,273.11
2018-07-06,273.14,275.84,272.715,275.42
2018-07-09,276.55,277.96,276.5,277.9
2018-07-10,278.41,279.01,278.08,278.9
2018-07-11,277.15,278.04,276.52,276.86
2018-07-12,278.28,279.43,277.6,279.37
2018-07-13,279.17,279.93,278.66,279.59
2018-07-16,279.64,279.803,278.84,279.34
2018-07-17,278.47,280.91,278.41,280.47
2018-07-18,280.56,281.18,280.06,281.06
2018-07-19,280.31,280.74,279.46,280
2018-07-20,279.77,280.48,279.5,279.68
2018-07-23,279.45,280.43,279.06,280.2
2018-07-24,281.79,282.56,280.63,281.61
2018-07-25,281.33,284.37,281.28,284.01
2018-07-26,283.2,284.11,283.09,283.34
2018-07-27,283.71,283.82,280.38,281.42
2018-07-30,281.51,281.69,279.36,279.95
2018-07-31,280.81,282.02,280.38,281.33
2018-08-01,281.56,282.13,280.1315,280.86
2018-08-02,279.39,282.58,279.16,282.39
2018-08-03,282.53,283.6577,282.33,283.6
2018-08-06,283.64,284.99,283.2015,284.64
2018-08-07,285.39,286.01,285.24,285.58
2018-08-08,285.39,285.91,284.94,285.46
2018-08-09,285.53,285.97,284.915,285.07
2018-08-10,283.45,284.055,282.36,283.16
2018-08-13,283.47,284.16,281.77,282.1
2018-08-14,282.92,284.17,282.4833,283.9
2018-08-15,282.38,282.54,280.16,281.78
2018-08-16,283.4,285.04,283.36,284.06
2018-08-17,283.83,285.5601,283.37,285.06
2018-08-20,285.57,285.97,285.06,285.67
2018-08-21,286.25,287.31,285.7135,286.34
2018-08-22,285.88,286.76,285.575,286.17
2018-08-23,285.97,286.94,285.43,285.79
2018-08-24,286.44,287.67,286.38,287.51
2018-08-27,288.86,289.9,288.68,289.78
2018-08-28,290.3,290.4175,289.4,289.92
2018-08-29,290.16,291.74,289.8854,291.48
2018-08-30,290.94,291.36,289.63,290.3
2018-08-31,289.84,290.81,289.29,290.31
2018-09-04,289.84,290.21,288.68,289.81
2018-09-05,289.41,289.64,287.89,289.03
2018-09-06,289.15,289.49,287,288.16
2018-09-07,286.98,288.7,286.71,287.6
2018-09-10,288.74,289.04,287.88,288.1
2018-09-11,287.37,289.55,286.975,289.05
2018-09-12,289.06,289.8,288.23,289.12
2018-09-13,290.32,291.0384,289.995,290.83
2018-09-14,291.06,291.27,290,290.88
2018-09-17,290.82,290.86,289.03,289.34
2018-09-18,289.58,291.58,289.55,290.91
2018-09-19,290.97,291.69,290.825,291.22
2018-09-20,292.64,293.94,291.2363,293.58
2018-09-21,293.09,293.22,291.81,291.99
2018-09-24,291.34,291.5,290.37,291.02
2018-09-25,291.53,291.65,290.4833,290.75
2018-09-26,290.91,292.24,289.41,289.88
2018-09-27,290.41,291.91,290.1,290.69
2018-09-28,289.99,291.28,289.95,290.72
2018-10-01,292.11,292.93,290.98,291.73
2018-10-02,291.56,292.355,291.14,291.56
2018-10-03,292.74,293.21,291.32,291.72
2018-10-04,291.18,291.24,287.66,289.44
2018-10-05,289.69,290.27,286.22,287.82
2018-10-08,287.05,288.22,285.5,287.82
2018-10-09,287.39,288.86,286.77,287.4
2018-10-10,286.83,286.91,277.88,278.3
2018-10-11,277.08,278.9,270.36,272.17
2018-10-12,276.77,277.09,272.37,275.95
2018-10-15,275.55,277.04,274.3,274.4
2018-10-16,276.6,280.82,276.07,280.4
2018-10-17,280.44,281.15,277.56,280.45
2018-10-18,279.4,280.07,274.97,276.4
2018-10-19,277.13,279.3,275.47,276.25
2018-10-22,277,277.36,274.41,275.01
2018-10-23,270.95,274.87,268.61,273.61
2018-10-24,273.33,273.76,264.7,265.32
2018-10-25,267.38,271.81,266.23,270.08
2018-10-26,265.92,271,262.29,265.33
2018-10-29,268.8,270.25,259.85,263.86
2018-10-30,263.67,268.12,263.12,267.77
2018-10-31,270.65,273.23,270.12,270.63
2018-11-01,271.6,273.73,270.38,273.51
2018-11-02,274.75,275.23,269.59,271.89
2018-11-05,272.44,274.01,271.35,273.39
2018-11-06,273.32,275.3,273.25,275.12
2018-11-07,277.56,281.1,277.08,281.01
2018-11-08,280.11,281.22,279.22,280.5
2018-11-09,279.03,279.24,276.18,277.76
2018-11-12,277.19,277.46,271.99,272.57
2018-11-13,273.09,275.325,271.25,272.06
2018-11-14,274.16,274.61,268.45,270.2
2018-11-15,268.78,273.54,267.0102,273.02
2018-11-16,271.79,274.75,271.21,273.73
2018-11-19,273.05,273.38,268.07,269.1
2018-11-20,265.36,267,263.15,264.12
2018-11-21,265.86,267.15,265.01,265.02
2018-11-23,263.18,264.8234,263.07,263.25
2018-11-26,265.78,267.75,265.34,267.5
2018-11-27,266.34,268.4,265.66,268.4
2018-11-28,269.6,274.58,268.3272,274.58
2018-11-29,273.71,275.55,272.43,273.98
2018-11-30,273.81,276.28,273.45,275.65
2018-12-03,280.28,280.4,277.505,279.3
2018-12-04,278.37,278.85,269.9,270.25
2018-12-06,265.92,269.97,262.44,269.84
2018-12-07,269.46,271.22,262.63,263.57
2018-12-10,263.37,265.1613,258.62,264.07
2018-12-11,267.66,267.87,262.48,264.13
2018-12-12,267.47,269,265.37,265.46
2018-12-13,266.52,267.49,264.12,265.37
2018-12-14,262.96,264.03,259.85,260.47
2018-12-17,259.4,260.65,253.525,255.36
2018-12-18,257.2,257.95,253.28,255.08
2018-12-19,255.17,259.4,249.35,251.26
2018-12-20,249.86,251.62,244.65,247.17
2018-12-21,246.74,249.71,239.98,240.7
2018-12-24,239.04,240.8355,234.27,234.34
2018-12-26,235.97,246.18,233.76,246.18
2018-12-27,242.57,248.29,238.96,248.07
2018-12-28,249.58,251.4,246.45,247.75
2018-12-31,249.56,250.19,247.47,249.92
2019-01-02,245.98,251.21,245.95,250.18
2019-01-03,248.23,248.57,243.67,244.21
2019-01-04,247.59,253.11,247.17,252.39
2019-01-07,252.69,255.95,251.69,254.38
2019-01-08,256.82,257.31,254,256.77
2019-01-09,257.56,258.91,256.19,257.97
2019-01-10,256.26,259.16,255.5,258.88
2019-01-11,257.68,259.0098,257.03,258.98
2019-01-14,256.86,258.3,256.41,257.4
2019-01-15,257.82,260.7,257.81,260.35
2019-01-16,260.83,261.9666,260.6,260.98
2019-01-17,260.01,263.92,259.96,262.96
2019-01-18,264.98,266.98,262.998,266.46
2019-01-22,264.82,265.06,261.06,262.86
2019-01-23,264.01,264.79,260.66,263.41
2019-01-24,263.21,264.2,262.08,263.55
2019-01-25,265.61,266.7,263.6595,265.78
2019-01-28,263.39,263.83,261.79,263.76
2019-01-29,263.92,264.55,262.48,263.41
2019-01-30,265.1,268.52,264.25,267.58
2019-01-31,267.51,270.47,267.27,269.93
2019-02-01,270.15,271.2,269.18,270.06
2019-02-04,270.11,272.03,269.36,271.96
2019-02-05,272.44,273.44,271.88,273.1
2019-02-06,272.79,273.34,271.92,272.74
2019-02-07,270.94,271.55,268.29,270.14
2019-02-08,268.75,270.58,267.83,270.47
2019-02-11,271.2,271.49,270.03,270.62
2019-02-12,272.42,274.52,272.34,274.1
2019-02-13,275.03,275.93,274.56,274.99
2019-02-14,273.78,275.64,272.87,274.38
2019-02-15,276.36,277.41,276.13,277.37
2019-02-19,276.4813,278.58,276.47,277.85
2019-02-20,277.81,278.92,277.25,278.41
2019-02-21,277.7,278.1,276.345,277.42
2019-02-22,278.11,279.36,277.4029,279.14
2019-02-25,280.73,281.31,279.43,279.52
2019-02-26,279.13,280.3,278.9,279.32
2019-02-27,278.52,279.59,277.48,279.2
2019-02-28,278.96,279.45,278.32,278.68
2019-03-01,280.44,280.88,278.82,280.42
2019-03-04,281.6,281.87,276.84,279.4
2019-03-05,279.54,279.76,278.41,279.02
2019-03-06,279.15,279.16,276.97,277.33
2019-03-07,276.83,276.99,274.07,275.01
2019-03-08,272.94,274.65,272.42,274.46
2019-03-11,275.26,278.62,275.23,278.44
2019-03-12,279.06,280.07,278.85,279.49
2019-03-13,280.48,282.38,280.3,281.34
2019-03-14,281.37,281.84,280.6662,281.16
2019-03-15,280.54,282.21,280.33,281.31
2019-03-18,281.55,282.66,281.3,282.33
2019-03-19,283.51,284.36,281.41,282.4
2019-03-20,282.16,283.5,280.32,281.55
2019-03-21,280.64,285.18,280.59,284.73
2019-03-22,283.22,283.8034,279.18,279.25
2019-03-25,278.87,280.1853,277.64,279.04
2019-03-26,280.99,282.18,279.56,281.12
2019-03-27,281.11,281.76,277.93,279.65
2019-03-28,280.35,281.21,279.07,280.71
2019-03-29,282.39,282.84,281.14,282.48
2019-04-01,284.7,286.16,284.4,285.83
2019-04-02,286.04,286.23,285.09,285.97
2019-04-03,287.32,287.76,285.75,286.42
2019-04-04,286.78,287.459,286.01,287.18
2019-04-05,287.92,288.63,287.6,288.57
2019-04-08,288.1,288.91,287.37,288.79
2019-04-09,287.72,288.08,286.7,287.31
2019-04-10,287.77,288.3899,287.31,288.29
2019-04-11,288.83,288.84,287.578,288.21
2019-04-12,290,290.47,288.261,290.16
2019-04-15,290.24,290.35,289.075,289.97
2019-04-16,290.95,291.01,289.5,290.16
2019-04-17,291.4,291.425,288.99,289.45
2019-04-18,290.1,290.32,288.66,290.02
2019-04-22,289.17,290.435,289.07,290.27
2019-04-23,290.68,293.14,290.42,292.88
2019-04-24,292.79,293.16,292.07,292.23
2019-04-25,292.12,292.78,290.73,292.05
2019-04-26,292.1,293.49,291.2401,293.41
2019-04-29,293.51,294.45,293.41,293.87
2019-04-30,293.49,294.34,291.92,294.02
2019-05-01,294.72,294.95,291.8,291.81
2019-05-02,291.68,292.7,289.52,291.18
2019-05-03,292.82,294.34,291.2998,294.03
2019-05-06,289.25,293.31,288.9,292.82
2019-05-07,290.15,290.81,285.81,287.93
2019-05-08,287.53,289.43,286.87,287.53
2019-05-09,285.23,285.54,283.35,283.89
