Date,WTI-West-Texas-Intermediate,USO
2006-04-10,68.15,68.02
2006-04-11,68.67,68.2
2006-04-12,68.95,67.84
2006-04-13,68.52,68.82
2006-04-17,69.63,69.79
2006-04-18,70.27,70.75
2006-04-19,71.29,71.85
2006-04-20,72.03,71.09
2006-04-21,73.5,72.81
2006-04-24,75.06,71.01
2006-04-25,73.91,70.64
2006-04-26,72.85,69.54
2006-04-27,71.93,68.7
2006-04-28,70.99,69.62
2006-05-01,71.75,71.5
2006-05-02,73.8,72.34
2006-05-03,74.63,70.22
2006-05-04,72.17,68.32
2006-05-05,70.2,68
2006-05-08,70.17,67.88
2006-05-09,69.84,68.4
2006-05-10,70.45,69.77
2006-05-11,72.13,70.3
2006-05-12,73.1,69.11
2006-05-15,72.04,66.63
2006-05-16,69.6,66.7
2006-05-17,69.35,65.7
2006-05-18,68.65,66.74
2006-05-19,69.45,65.57
2006-05-22,68.52,66.28
2006-05-23,70.05,67.77
2006-05-24,71.58,66.1
2006-05-25,69.91,67.8
2006-05-26,71.3,67.75
2006-05-30,71.2,68.32
2006-05-31,71.95,67.73
2006-06-01,71.26,66.82
2006-06-02,70.25,68.9
2006-06-05,72.95,68.74
2006-06-06,72.64,68.76
2006-06-07,72.4,67.28
2006-06-08,70.86,67.12
2006-06-09,70.28,68.07
2006-06-12,71.54,67.08
2006-06-13,70.24,65.18
2006-06-14,68.45,65.79
2006-06-15,69.03,66.16
2006-06-16,69.58,66.25
2006-06-19,69.95,65.54
2006-06-20,69.01,65.29
2006-06-21,69.34,66.35
2006-06-22,70.34,67
2006-06-23,70.85,66.89
2006-06-26,70.68,67.7
2006-06-27,71.74,68.08
2006-06-28,71.91,68.31
2006-06-29,72.2,69.51
2006-06-30,73.51,69.77
2006-07-05,73.95,71
2006-07-06,75.2,70.77
2006-07-07,75.02,69.85
2006-07-10,73.82,69.56
2006-07-11,73.51,70.08
2006-07-12,74.03,71.14
2006-07-13,74.98,73.25
2006-07-14,76.67,73.22
2006-07-17,77.25,71.65
2006-07-18,75.2,70.75
2006-07-19,73.9,69.85
2006-07-20,73,69.1
2006-07-21,74.07,69.52
2006-07-24,74.83,70.17
2006-07-25,75.1,69
2006-07-26,73.8,69.17
2006-07-27,73.9,69.68
2006-07-28,74.5,68.5
2006-07-31,73.21,69.52
2006-08-01,74.4,70.15
2006-08-02,74.92,71.12
2006-08-03,76,70.56
2006-08-04,76,69.81
2006-08-07,76.05,72
2006-08-08,77.05,71.3
2006-08-09,76.41,71.17
2006-08-10,76.31,69.6
2006-08-11,74.26,69.73
2006-08-14,73.79,68.59
2006-08-15,73.41,68.21
2006-08-16,73.05,67.18
2006-08-17,71.75,66.05
2006-08-18,70.1,66.18
2006-08-21,71.22,67.42
2006-08-22,72.36,67.05
2006-08-23,73,65.95
2006-08-24,71.65,66.75
2006-08-25,72.47,66.55
2006-08-28,72.2,64.88
2006-08-29,70.55,64.19
2006-08-30,69.7,64.85
2006-08-31,70.13,64.8
2006-09-01,70.2,63.75
2006-09-04,69.25,63.75
2006-09-05,68.12,63.31
2006-09-06,68.69,62.2
2006-09-07,67.51,61.94
2006-09-08,67.4,60.9
2006-09-11,66.01,60.04
2006-09-12,65.54,58.76
2006-09-13,63.82,59
2006-09-14,64.03,58.15
2006-09-15,63.45,58.06
2006-09-18,63.49,58.32
2006-09-19,63.85,56.25
2006-09-20,61.7,55.05
2006-09-21,60.81,55.89
2006-09-22,61.71,54.64
2006-09-25,60.25,55.67
2006-09-26,61.44,55.42
2006-09-27,61.14,57.16
2006-09-28,62.99,56.65
2006-09-29,62.7,56.81
2006-10-02,62.8,55.31
2006-10-03,60.9,53.24
2006-10-04,58.5,54.04
2006-10-05,59.76,54.59
2006-10-06,59.65,54.35
2006-10-09,59.9,54.6
2006-10-10,59.95,53.67
2006-10-11,58.52,52.65
2006-10-12,57.4,53.43
2006-10-13,58.8,53.65
2006-10-16,58.4,54.72
2006-10-17,60.11,53.99
2006-10-18,59.1,52.85
2006-10-19,57.72,53.9
2006-10-20,58.61,52.75
2006-10-23,59.43,52.37
2006-10-24,58.89,52.84
2006-10-25,59.5,54.7
2006-10-26,61.58,53.65
2006-10-27,60.3,54
2006-10-30,60.75,51.98
2006-10-31,58.41,52.1
2006-11-01,58.6,52.12
2006-11-02,58.6,51.5
2006-11-03,57.86,52.68
2006-11-06,59.15,53.45
2006-11-07,60.12,52.6
2006-11-08,59.16,53.4
2006-11-09,60,54.5
2006-11-10,61.02,53.3
2006-11-13,59.6,52.35
2006-11-14,58.6,52.14
2006-11-15,58.45,52.5
2006-11-16,58.77,50.59
2006-11-17,56.25,50.94
2006-11-20,58.4,50.97
2006-11-21,59.05,51.98
2006-11-22,60.2,51.31
2006-11-24,67.85,51.8
2006-11-27,59.7,52.3
2006-11-28,60.75,52.71
2006-11-29,61.25,54.14
2006-11-30,62.95,54.58
2006-12-01,62.85,55.05
2006-12-04,62.7,54.2
2006-12-05,63,54.3
2006-12-06,62.43,53.89
2006-12-07,61.95,53.86
2006-12-08,63.4,53.58
2006-12-11,61.6,53
2006-12-12,61.55,52.55
2006-12-13,60.85,52.88
2006-12-14,62.1,53.73
2006-12-15,62.5,54.3
2006-12-18,62.95,53.16
2006-12-19,62,54
2006-12-20,63.75,54.05
2006-12-21,63.3,53.34
2006-12-22,62.8,52.92
2006-12-26,62.6,51.64
2006-12-27,60.7,51.35
2006-12-28,60.58,51.3
2006-12-29,60.2,51.6
2007-01-02,67.31,51.6
2007-01-03,60.05,49.4
2007-01-04,57.25,47.35
2007-01-05,55.8,47.83
2007-01-08,57.05,47.49
2007-01-09,54.75,47.3
2007-01-10,55,45.28
2007-01-11,54,44.34
2007-01-12,52.2,44.63
2007-01-15,59.95,44.63
2007-01-16,52.35,43.4
2007-01-17,50.95,44.22
2007-01-18,52.35,43.23
2007-01-19,50.75,44.43
2007-01-22,52.55,43.84
2007-01-23,53.4,45.65
2007-01-24,54.75,46.1
2007-01-25,55.15,45.27
2007-01-26,54.85,46.28
2007-01-29,54.95,44.97
2007-01-30,54.55,47.36
2007-01-31,56.45,48.24
2007-02-01,58.1,47.84
2007-02-02,57.9,49.34
2007-02-05,59.25,49.1
2007-02-06,59.85,49.21
2007-02-07,59.45,48.25
2007-02-08,57.7,49.75
2007-02-09,59.65,49.99
2007-02-12,58.8,48.37
2007-02-13,57.95,49.36
2007-02-14,58.95,48.45
2007-02-15,58.25,48.35
2007-02-16,57.85,49.35
2007-02-19,63.11,49.35
2007-02-20,57.9,48.67
2007-02-21,58.6,49.86
2007-02-22,60,50.33
2007-02-23,61.2,50.46
2007-02-26,61.2,50.9
2007-02-27,60.3,49.95
2007-02-28,60.9,51.18
2007-03-01,61.8,51.24
2007-03-02,62,51.01
2007-03-05,60.5,49.62
2007-03-06,60.65,50.32
2007-03-07,60.9,51.29
2007-03-08,62.05,51.29
2007-03-09,61.55,50.11
2007-03-12,59.25,49.35
2007-03-13,58.91,48.94
2007-03-14,58.25,49.14
2007-03-15,58.3,48.67
2007-03-16,57.75,48.42
2007-03-19,56.95,48.7
2007-03-20,56.8,48.46
2007-03-21,59.73,48.8
2007-03-22,60.55,50.18
2007-03-23,62.05,50.57
2007-03-26,62.68,51.17
2007-03-27,62.75,51.2
2007-03-28,64.1,52
2007-03-29,64.3,53.62
2007-03-30,66.3,53.35
2007-04-02,65.75,53.56
2007-04-03,65.1,52.46
2007-04-04,64.9,52.33
2007-04-05,64.25,52.0099
2007-04-09,63.55,50.35
2007-04-10,61.55,50.61
2007-04-11,61.95,50.46
2007-04-12,62.6,51.65
2007-04-13,64,51.52
2007-04-16,63.75,51.2
2007-04-17,64.3,50.29
2007-04-18,62.9,50.14
2007-04-19,62.6,49.22
2007-04-20,62.45,50.05
2007-04-23,64.4,51.22
2007-04-24,65.95,50.39
2007-04-25,64.85,51.32
2007-04-26,65.35,50.94
2007-04-27,64.8,51.84
2007-04-30,66.5,51.24
2007-05-01,65.5,50.36
2007-05-02,64.35,49.59
2007-05-03,63.55,49.28
2007-05-04,63.1,48.3
2007-05-07,61.3,48.06
2007-05-08,61.7,48.64
2007-05-09,62.25,48.01
2007-05-10,62.02,48.15
2007-05-11,62.35,48.57
2007-05-14,62.6,48.56
2007-05-15,62.45,48.99
2007-05-16,62.8,48.53
2007-05-17,62.6,50.16
2007-05-18,64.9,50.1
2007-05-21,65.1,50.82
2007-05-22,65.75,49.92
2007-05-23,65.5,50.17
2007-05-24,65.55,48.93
2007-05-25,64.75,49.5
2007-05-28,71.06,49.5
2007-05-29,64.3,48.4
2007-05-30,63.3,48.21
2007-05-31,63.3,48.96
2007-06-01,64.2,49.46
2007-06-04,64.9,50.35
2007-06-05,65.85,50.02
2007-06-06,65.6,50.3112
2007-06-07,65.85,50.65
2007-06-08,65.78,49.06
2007-06-11,65.25,49.84
2007-06-12,65.58,49.56
2007-06-13,65.1,50.09
2007-06-14,66.25,51.1
2007-06-15,67.7,51.53
2007-06-18,67.85,52.14
2007-06-19,68.95,52.12
2007-06-20,68.9,51.55
2007-06-21,69.3,51.6
2007-06-22,68.95,51.89
2007-06-25,67.9,51.96
2007-06-26,69.05,51.12
2007-06-27,67.55,51.88
2007-06-28,69.5,52.47
2007-06-29,70.1,53
2007-07-02,70.3,53.53
2007-07-03,71.05,53.54
2007-07-04,73.05,53.54
2007-07-05,71.65,54.15
2007-07-06,72.4,54.68
2007-07-09,72.75,54.35
2007-07-10,72.2,54.72
2007-07-11,72.65,54.66
2007-07-12,73.15,54.74
2007-07-13,73,55.54
2007-07-16,73.95,55.76
2007-07-17,74.6,55.64
2007-07-18,74.3,56.58
2007-07-19,75.7,57.08
2007-07-20,76,57
2007-07-23,75.45,56.38
2007-07-24,74.1,55.16
2007-07-25,73.8,57.44
2007-07-26,76.95,56.22
2007-07-27,75.38,57.74
2007-07-30,76.95,57.5
2007-07-31,77.2,58.53
2007-08-01,77.9,57.76
2007-08-02,76.25,57.7
2007-08-03,77.03,56.44
2007-08-06,74.45,54.2
2007-08-07,71.88,54.36
2007-08-08,72.15,54.27
2007-08-09,70.7,53.78
2007-08-10,70.6,53.64
2007-08-13,72.12,53.85
2007-08-14,72.12,54.23
2007-08-15,73.05,55.13
2007-08-16,71.85,53.58
2007-08-17,72.08,54.03
2007-08-20,71.25,53.54
2007-08-21,70.65,52.43
2007-08-22,70,52.35
2007-08-23,70.05,52.65
2007-08-24,69.8,53.64
2007-08-27,70.8,54.33
2007-08-28,71.55,54.03
2007-08-29,72.1,55.55
2007-08-30,73.1,55.5
2007-08-31,74.25,55.78
2007-09-03,70.8,55.78
2007-09-04,73.75,56.75
2007-09-05,75,57.26
2007-09-06,76.3,57.63
2007-09-07,76.15,57.76
2007-09-10,75.85,58.79
2007-09-11,77.5,58.96
2007-09-12,78.15,60
2007-09-13,79.85,60.17
2007-09-14,79.75,59.79
2007-09-17,78.85,60.67
2007-09-18,80.6,62.05
2007-09-19,81.95,61.82
2007-09-20,82.25,62.65
2007-09-21,81.65,62.14
2007-09-24,81.1,61.82
2007-09-25,80.25,61.07
2007-09-26,80.3,61.7
2007-09-27,81.2,63.44
2007-09-28,83.3,62.55
2007-10-01,81.7,61.59
2007-10-02,80.22,61.63
2007-10-03,80.23,61.29
2007-10-04,79.68,62.61
2007-10-05,81.4,62.28
2007-10-08,81.11,60.76
2007-10-09,79.26,61.4
2007-10-10,80.22,62.4
2007-10-11,81.32,63.59
2007-10-12,82.87,64
2007-10-15,83.91,65.89
2007-10-16,86.5,66.98
2007-10-17,87.5,66.63
2007-10-18,87.1,68.17
2007-10-19,89.74,67.14
2007-10-22,88.86,66.54
2007-10-23,85.77,65.83
2007-10-24,85.17,67.98
2007-10-25,87.63,70.12
2007-10-26,90.36,71.17
2007-10-29,91.72,72.5
2007-10-30,93.67,69.54
2007-10-31,89.72,73.27
2007-11-01,95.15,72.17
2007-11-02,93.65,74.35
2007-11-05,95.92,73.54
2007-11-06,94.49,75.34
2007-11-07,96.83,74.48
2007-11-08,95.84,74.08
2007-11-09,95.91,74.77
2007-11-12,96.01,72.77
2007-11-13,93.59,70.93
2007-11-14,91.35,72.6
2007-11-15,93.95,72.3
2007-11-16,93.7,73.9
2007-11-19,93.88,74.49
2007-11-20,94.88,77.34
2007-11-21,98.09,76.44
2007-11-23,97.6,76.76
2007-11-26,98.28,76.25
2007-11-27,96.88,74.3
2007-11-28,94.56,71.8
2007-11-29,91.36,71.64
2007-11-30,91.19,69.91
2007-12-03,88.79,70.7
2007-12-04,89.68,69.4
2007-12-05,88.23,68.69
2007-12-06,87.27,71.02
2007-12-07,90.53,69.43
2007-12-10,88.27,69.36
2007-12-11,88.22,70.26
2007-12-12,89.46,73.9
2007-12-13,94.21,73.17
2007-12-14,92.57,72.26
2007-12-17,91.43,71.89
2007-12-18,90.97,71.11
2007-12-19,90.35,72.15
2007-12-20,91.39,72.1
2007-12-21,91.04,73.8
2007-12-24,93.58,73.95
2007-12-26,93.99,75.91
2007-12-27,95.81,76.25
2007-12-28,96.84,75.89
2007-12-31,96.12,75.76
2008-01-02,96.05,78.47
2008-01-03,99.23,78.37
2008-01-04,99.17,77.31
2008-01-07,97.79,75.5
2008-01-08,95.35,76.06
2008-01-09,96.24,75.25
2008-01-10,95.79,74.02
2008-01-11,94.24,73.09
2008-01-14,92.75,74.25
2008-01-15,94.24,72.78
2008-01-16,91.68,71.85
2008-01-17,91,71.03
2008-01-18,89.9,71.54
2008-01-22,90.58,70.55
2008-01-23,89.15,69.5
2008-01-24,87.72,70.93
2008-01-25,89.55,71.9126
2008-01-28,90.62,72.35
2008-01-29,91.05,72.98
2008-01-30,92.37,73.08
2008-01-31,91.77,72.35
2008-02-01,91.36,70.47
2008-02-04,88.66,71.37
2008-02-05,89.98,70.15
2008-02-06,88.27,69.02
2008-02-07,87.06,69.8
2008-02-08,88.29,72.9
2008-02-11,91.76,74.55
2008-02-12,93.61,73.59
2008-02-13,92.5,74.11
2008-02-14,93.29,75.76
2008-02-15,95.22,75.93
2008-02-19,95.37,78.81
2008-02-20,99.98,79.32
2008-02-21,100.01,77.33
2008-02-22,97.5,78.6
2008-02-25,98.99,78.7362
2008-02-26,99.35,80.1
2008-02-27,101.2,78.92
2008-02-28,99.63,81.48
2008-02-29,102.55,80.42
2008-03-03,101.63,81.32
2008-03-04,102.35,79.4
2008-03-05,99.88,83.3
2008-03-06,104.64,83.89
2008-03-07,105.58,83.73
2008-03-10,105.25,85.63
2008-03-11,107.91,86.34
2008-03-12,108.65,86.92
2008-03-13,110.06,87.21
2008-03-14,110.24,86.51
2008-03-17,110.1,83.3
2008-03-18,106.15,85.8
2008-03-19,108.8,82.29
2008-03-20,106.7,81.3
2008-03-24,101.7,80.26
2008-03-25,100.43,81.47
2008-03-26,101.55,84.81
2008-03-27,106,85.73
2008-03-28,107.19,84.37
2008-03-31,105.12,81.36
2008-04-01,101.57,81.06
2008-04-02,100.83,83.78
2008-04-03,104.53,83.65
2008-04-04,104.26,84.88
2008-04-07,106.12,86.93
2008-04-08,108.88,87.19
2008-04-09,108.75,88.9
2008-04-10,110.7,88.18
2008-04-11,110.06,88.48
2008-04-14,110,89.64
2008-04-15,111.8,91.44
2008-04-16,113.85,92.15
2008-04-17,115,92.37
2008-04-18,115,93.79
2008-04-21,116.93,94.38
2008-04-22,117.53,95.08
2008-04-23,117.5,95.18
2008-04-24,117.93,93.2
2008-04-25,115.95,95.66
2008-04-28,118.95,95.69
2008-04-29,118.84,92.99
2008-04-30,115.36,92.5
2008-05-01,112.9,90.38
2008-05-02,112.25,93.4
2008-05-05,116.5,96.74
2008-05-06,119.9,98.38
2008-05-07,121.76,99.8
2008-05-08,123.81,100.66
2008-05-09,124.28,102.12
2008-05-12,125.84,100.11
2008-05-13,123.76,101.71
2008-05-14,125.97,100.22
2008-05-15,123.83,100.21
2008-05-16,124.4,102.27
2008-05-19,126.35,102.8
2008-05-20,127.49,104.3
2008-05-21,127.69,108.31
2008-05-22,133.89,105.63
2008-05-23,130.75,106.95
2008-05-27,131.68,104.26
2008-05-28,128.3,105.92
2008-05-29,130.75,102.26
2008-05-30,126.59,103.06
2008-06-02,126.25,103.05
2008-06-03,127.5,100.65
2008-06-04,124.23,98.98
2008-06-05,122.23,103.95
2008-06-06,128.2,112.17
2008-06-09,137.97,109.05
2008-06-10,135.02,107.02
2008-06-11,131.79,110.99
2008-06-12,136.54,111.27
2008-06-13,136.97,109.2
2008-06-16,134.41,108.99
2008-06-17,133.6,108.68
2008-06-18,133.5,110.89
2008-06-19,136.09,106.91
2008-06-20,132.06,109.14
2008-06-23,135.46,110.92
2008-06-24,137.25,110.95
2008-06-25,137.07,108.5
2008-06-26,134.52,113.12
2008-06-27,139.44,113.75
2008-06-30,140.6,113.66
2008-07-01,140.18,114.59
2008-07-02,141.44,116.84
2008-07-03,144.19,116.82
2008-07-07,144.27,114.95
2008-07-08,141.59,109.92
2008-07-09,136,109.65
2008-07-10,135.8,114.34
2008-07-11,141.8,117.39
2008-07-14,144.69,117.48
2008-07-15,145.19,112.39
2008-07-16,138.77,109.25
2008-07-17,135.11,105.53
2008-07-18,129.56,104.44
2008-07-21,128.88,106.67
2008-07-22,131.04,103.32
2008-07-23,127.05,100.02
2008-07-24,124.46,101.46
2008-07-25,125.6,99.27
2008-07-28,123.41,100.54
2008-07-29,124.94,98.04
2008-07-30,121.9,102.13
2008-07-31,126.9,99.99
2008-08-01,124.06,101.04
2008-08-04,125.98,97.52
2008-08-05,121,95.59
2008-08-06,118.75,95.42
2008-08-07,118.8,96.4401
2008-08-08,119.9,92.68
2008-08-11,115.2,92.51
2008-08-12,114.53,91.49
2008-08-13,113.09,93.75
2008-08-14,116.39,92.74
2008-08-15,114.83,91.8
2008-08-18,113.94,91.26
2008-08-19,113.11,92.74
2008-08-20,115.11,93.98
2008-08-21,115.95,98.21
2008-08-22,121.55,92.54
2008-08-25,114.69,93.1
2008-08-26,115.5,93.9
2008-08-27,116.04,95.66
2008-08-28,118.16,93.39
2008-08-29,115.75,92.87
2008-09-02,117.05,89.19
2008-09-03,110.24,88.44
2008-09-04,109.4,87.02
2008-09-05,107.48,86.06
2008-09-08,107.75,85.93
2008-09-09,106.66,82.35
2008-09-10,102.2,82.97
2008-09-11,102.78,81.49
2008-09-12,101.15,81.49
2008-09-15,99.35,76.3
2008-09-16,94.23,74.99
2008-09-17,92.81,77.5
2008-09-18,97.1,79.17
2008-09-19,97.95,82.63
2008-09-22,104.97,87.62
2008-09-23,108.98,86.13
2008-09-24,106.93,84.86
2008-09-25,105.53,86.69
2008-09-26,107.7,86.21
2008-09-29,106.89,77.09
2008-09-30,95.4,82.01
2008-10-01,101.86,79.59
2008-10-02,98.73,75.82
2008-10-03,93.85,75.25
2008-10-06,92.5,71.61
2008-10-07,88.96,72.49
2008-10-08,89.56,72.26
2008-10-09,88.8,69.6
2008-10-10,84.93,66.5
2008-10-13,80.12,67.78
2008-10-14,82,65.03
2008-10-15,78.75,60.73
2008-10-16,73.6,59.34
2008-10-17,72.3,59.37
2008-10-20,72.16,61.8
2008-10-21,75.62,58.77
2008-10-22,71.47,54.93
2008-10-23,67.21,56.6
2008-10-24,69.42,53
2008-10-27,64.78,50.85
2008-10-28,62.24,53.22
2008-10-29,66.8,55.68
2008-10-30,68.11,54
2008-10-31,65.58,55.59
2008-11-03,67.37,52.49
2008-11-04,63.8,57.38
2008-11-05,70,53.84
2008-11-06,65.02,50.15
2008-11-07,60.67,50.04
2008-11-10,61.8,51.23
2008-11-11,62.14,48.11
2008-11-12,59,45.75
2008-11-13,55.44,49
2008-11-14,59.39,46.18
2008-11-17,56.74,45.16
2008-11-18,55.01,44.77
2008-11-19,54.7,43.26
2008-11-20,53.1,39.55
2008-11-21,48.57,41
2008-11-24,50.97,44.13
2008-11-25,54.3,41.36
2008-11-26,50.65,44.54
2008-11-28,53.44,42.09
2008-12-01,54.62,39.89
2008-12-02,48.85,38.5
2008-12-03,47.76,38.05
2008-12-04,47,35.41
2008-12-05,43.78,34.25
2008-12-08,41.64,36.12
2008-12-09,44.05,34.45
2008-12-10,42.4,35.81
2008-12-11,44.05,38.64
2008-12-12,47,38.1
2008-12-15,46.77,36.841
2008-12-16,44.95,36.44
2008-12-17,43.75,34.81
2008-12-18,40.32,32.73
2008-12-19,36.26,33.06
2008-12-22,42.79,30.63
2008-12-23,39.55,30
2008-12-24,39.15,29.024
2008-12-26,35.7,29.1
2008-12-29,38.4,30.92
2008-12-30,40.01,30.2
2008-12-31,39.17,33.1
2009-01-02,43.72,35.63
2009-01-05,47.04,37.3
2009-01-06,48.4,37.25
2009-01-07,48.41,33.27
2009-01-08,42.63,33.2
2009-01-09,42.45,32.37
2009-01-12,40.55,30.65
2009-01-13,37.49,31.84
2009-01-14,38.72,31.23
2009-01-15,37.34,30.18
2009-01-16,35.28,29.86
2009-01-20,36.14,28.66
2009-01-21,40.91,31.03
2009-01-22,44.21,30.02
2009-01-23,43.26,32.33
2009-01-26,46.05,32.14
2009-01-27,45.65,29.5
2009-01-28,41.99,29.75
2009-01-29,42.22,29.22
2009-01-30,41.65,29.22
2009-02-02,41.75,28.4
2009-02-03,40.28,28.87
2009-02-04,40.93,28.27
2009-02-05,40.3,28.81
2009-02-06,41,28.2
2009-02-09,39.88,28.25
2009-02-10,39.76,26.91
2009-02-11,38.15,26.08
2009-02-12,35.92,26.13
2009-02-13,34.36,25.6
2009-02-17,37.81,23.46
2009-02-18,35.02,22.86
2009-02-19,34.75,24.28
2009-02-20,38.86,24.35
2009-02-23,39.73,23.32
2009-02-24,38.1,24.44
2009-02-25,39.92,26
2009-02-26,42.39,27.23
2009-02-27,44.59,27.05
2009-03-02,44.34,24.48
2009-03-03,40.1,25.39
2009-03-04,41.38,27.61
2009-03-05,45.42,26.56
2009-03-06,43.61,27.99
2009-03-09,45.76,28.65
2009-03-10,47.25,27.83
2009-03-11,45.57,26.3
2009-03-12,42.73,28.231
2009-03-13,47.21,27.63
2009-03-16,45.2,28.25
2009-03-17,47.06,29.44
2009-03-18,48.67,29.61
2009-03-19,49.73,30.36
2009-03-20,51.06,30.76
2009-03-23,52.13,31.78
2009-03-24,53.83,31.57
2009-03-25,53.73,31.21
2009-03-26,52.84,32.02
2009-03-27,54,30.75
2009-03-30,52.25,28.7
2009-03-31,48.64,29.05
2009-04-01,48.96,28.58
2009-04-02,48.45,30.98
2009-04-03,52.36,30.93
2009-04-06,52.4,30.23
2009-04-07,51.39,28.94
2009-04-08,48.47,29.49
2009-04-09,49.96,30.69
2009-04-13,52,29.68
2009-04-14,49.96,29.21
2009-04-15,49.16,29.31
2009-04-16,49.7,29.29
2009-04-17,49.93,29.45
2009-04-20,50.16,27.22
2009-04-21,45.26,27.33
2009-04-22,48.68,27.34
2009-04-23,48.49,27.88
2009-04-24,49.65,28.9
2009-04-27,51.45,28.08
2009-04-28,50.1,27.85
2009-04-29,49.25,28.56
2009-04-30,50.79,28.63
2009-05-01,50.95,29.62
2009-05-04,52.62,30.56
2009-05-05,54.46,30.15
2009-05-06,54.12,31.43
2009-05-07,56.3,31.49
2009-05-08,56.5,32.49
2009-05-11,58.49,32.29
2009-05-12,58.1,32.63
2009-05-13,59.29,32.19
2009-05-14,57.73,32.4
2009-05-15,58.54,31.3
2009-05-18,56.47,32.71
2009-05-19,59.16,32.79
2009-05-20,60.8,33.87
2009-05-21,60.1,33.38
2009-05-22,61.67,33.7
2009-05-26,59.8,34.11
2009-05-27,63,34.582
2009-05-28,63.56,35.34
2009-05-29,65.68,36.4
2009-06-01,67.73,37.43
2009-06-02,68.55,37.61
2009-06-03,67.8,36.25
2009-06-04,67.65,37.69
2009-06-05,68.49,37.4
2009-06-08,67.95,37.54
2009-06-09,69.67,38.19
2009-06-10,70.9,38.97
2009-06-11,72.14,39.68
2009-06-12,71.9,39.43
2009-06-15,70,38.52
2009-06-16,72.75,38.51
2009-06-17,69.55,38.7
2009-06-18,70.75,38.85
2009-06-19,69.85,37.97
2009-06-22,66.8,36.25
2009-06-23,67.15,37.41
2009-06-24,68.55,37.09
2009-06-25,68.29,38.05
2009-06-26,70.34,37.51
2009-06-29,69.25,38.67
2009-06-30,71.6,37.93
2009-07-01,70.45,37.46
2009-07-02,69.22,36.05
2009-07-06,65.54,34.71
2009-07-07,64.19,33.81
2009-07-08,62.31,32.57
2009-07-09,60.38,32.77
2009-07-10,60.45,32.377
2009-07-13,59.86,32.37
2009-07-14,60.14,32.11
2009-07-15,59.79,33.47
2009-07-16,62,33.56
2009-07-17,62.24,34.24
2009-07-20,63.38,34.83
2009-07-21,64.2,34.94
2009-07-22,65.03,34.81
2009-07-23,65.4,35.79
2009-07-24,66.62,36.221
2009-07-27,68.05,36.32
2009-07-28,68.26,35.76
2009-07-29,66.68,33.47
2009-07-30,62.86,35.49
2009-07-31,66.69,36.81
2009-08-03,69.3,37.92
2009-08-04,71.34,37.97
2009-08-05,71.82,38.2
2009-08-06,71.83,38.27
2009-08-07,71.81,37.65
2009-08-10,70.67,37.71
2009-08-11,70.76,36.86
2009-08-12,69.67,37.35
2009-08-13,70.54,37.8
2009-08-14,70.9,36.03
2009-08-17,67.69,35.52
2009-08-18,66.8,36.86
2009-08-19,70.25,38.12
2009-08-20,72.15,37.67
2009-08-21,72.88,38.23
2009-08-24,73.75,38.3
2009-08-25,73.97,37.17
2009-08-26,71.35,36.95
2009-08-27,71.36,37.72
2009-08-28,72.86,37.66
2009-08-31,71,36.05
2009-09-01,69.85,35.27
2009-09-02,67.7,35.18
2009-09-03,68.15,35.32
2009-09-04,68.19,35.13
2009-09-08,67.87,36.94
2009-09-09,71.33,36.94
2009-09-10,71.64,37.37
2009-09-11,72.05,35.82
2009-09-14,69.15,35.71
2009-09-15,68.78,36.7
2009-09-16,70.4,37.43
2009-09-17,72.31,37.49
2009-09-18,72.4,37.12
2009-09-21,71.78,35.85
2009-09-22,69.67,36.98
2009-09-23,71.63,35.13
2009-09-24,68.33,33.97
2009-09-25,65.92,34
2009-09-28,66.15,34.51
2009-09-29,67.11,34.31
2009-09-30,66.71,36.19
2009-10-01,70.4,36.23
2009-10-02,70.35,35.87
2009-10-05,69.81,36.18
2009-10-06,70.26,36.54
2009-10-07,71.16,35.96
2009-10-08,69.8,36.68
2009-10-09,71.42,37.16
2009-10-12,72.24,37.69
2009-10-13,73.17,38.15
2009-10-14,74.4,38.61
2009-10-15,75.34,39.91
2009-10-16,77.76,40.45
2009-10-19,78.56,40.76
2009-10-20,79.61,40.39
2009-10-21,78.69,41.33
2009-10-22,81.04,41.47
2009-10-23,80.55,40.91
2009-10-26,79.65,40.13
2009-10-27,78.68,40.59
2009-10-28,79.47,39.46
2009-10-29,78.75,40.9
2009-10-30,79.98,39.32
2009-11-02,77.02,39.97
2009-11-03,78.09,40.62
2009-11-04,79.47,40.99
2009-11-05,80.29,40.8
2009-11-06,79.8,39.7
2009-11-09,79.2,40.5
2009-11-10,79.24,40.41
2009-11-11,78.88,40.55
2009-11-12,79.25,39.27
2009-11-13,76.78,39.12
2009-11-16,76.58,40.29
2009-11-17,78.93,40.48
2009-11-18,79.38,40.67
2009-11-19,79.63,39.66
2009-11-20,77.59,39.42
2009-11-23,77.8,39.38
2009-11-24,77.45,38.58
2009-11-25,75.83,39.5
2009-11-27,77.29,38.5
2009-11-30,76.05,39.15
2009-12-01,77.35,39.62
2009-12-02,77.9,38.84
2009-12-03,76.51,38.52
2009-12-04,75.83,38.33
2009-12-07,75.8,37.49
2009-12-08,74,36.85
2009-12-09,73.12,35.87
2009-12-10,70.8,35.73
2009-12-11,70.57,35.48
2009-12-14,69.63,35.58
2009-12-15,69.57,35.93
2009-12-16,70.78,36.74
2009-12-17,72.74,36.36
2009-12-18,72.6,36.66
2009-12-21,72.35,36.16
2009-12-22,72.35,36.56
2009-12-23,74.52,37.74
2009-12-24,76.59,38.2
2009-12-28,77.92,38.86
2009-12-29,78.66,38.84
2009-12-30,78.8,39.14
2009-12-31,79.28,39.28
2010-01-04,79.63,40.27
2010-01-05,81.77,40.41
2010-01-06,81.43,40.97
2010-01-07,83.2,40.72
2010-01-08,82.65,40.93
2010-01-11,82.88,40.54
2010-01-12,82.07,39.63
2010-01-13,80.06,39.21
2010-01-14,79.63,39.06
2010-01-15,79.2,38.4
2010-01-19,77.85,38.93
2010-01-20,78.88,37.89
2010-01-21,77.56,37.24
2010-01-22,75.84,36.34
2010-01-25,74.24,36.81
2010-01-26,75.28,36.5
2010-01-27,74.69,36.08
2010-01-28,73.75,36.16
2010-01-29,73.89,35.64
2010-02-01,72.84,36.72
2010-02-02,74.94,37.5284
2010-02-03,76.99,37.65
2010-02-04,77.09,35.8
2010-02-05,73.04,35.21
2010-02-08,72.18,35.09
2010-02-09,71.68,36.21
2010-02-10,73.79,36.51
2010-02-11,74.65,36.78
2010-02-12,75.3,36.31
2010-02-16,74.02,37.79
2010-02-17,77.32,37.97
2010-02-18,77.29,38.73
2010-02-19,78.37,39.09
2010-02-22,80,39.03
2010-02-23,80.25,38.33
2010-02-24,79.13,38.99
2010-02-25,80.31,38.11
2010-02-26,78.33,38.82
2010-03-01,79.84,38.35
2010-03-02,78.88,38.8
2010-03-03,79.64,39.4
2010-03-04,81.01,39.15
2010-03-05,80.58,39.85
2010-03-08,81.79,39.79
2010-03-09,81.75,39.55
2010-03-10,81.38,39.9
2010-03-11,81.98,40.05
2010-03-12,82.2,39.51
2010-03-15,81.13,38.83
2010-03-16,79.84,39.79
2010-03-17,82.05,40.23
2010-03-18,82.85,39.92
2010-03-19,82.17,39.2
2010-03-22,80.93,39.56
2010-03-23,81.81,39.7
2010-03-24,81.58,38.94
2010-03-25,80.25,38.9
2010-03-26,80.13,38.83
2010-03-29,80.24,39.96
2010-03-30,82.5,39.95
2010-03-31,82.5,40.29
2010-04-01,83.36,41.24
2010-04-05,85.31,42.07
2010-04-06,86.74,42.02
2010-04-07,86.76,41.52
2010-04-08,85.64,41.44
2010-04-09,85.56,41.17
2010-04-12,85.17,40.93
2010-04-13,84.36,40.89
2010-04-14,83.82,41.76
2010-04-15,85.91,41.71
2010-04-16,85.35,40.6
2010-04-19,82.92,40.11
2010-04-20,81.69,40.3
2010-04-21,84.03,40.27
2010-04-22,83.47,40.3
2010-04-23,83.75,40.95
2010-04-26,85.22,40.35
2010-04-27,83.89,39.37
2010-04-28,81.84,39.97
2010-04-29,83.33,41.04
2010-04-30,85.58,41.33
2010-05-03,86.2,41.46
2010-05-04,86.09,39.7
2010-05-05,82.13,38.31
2010-05-06,79.63,36.9599
2010-05-07,76.95,36.31
2010-05-10,76.11,37.23
2010-05-11,77.26,36.76
2010-05-12,75.89,36.77
2010-05-13,75.47,36.13
2010-05-14,73.99,34.81
2010-05-17,71.79,33.88
2010-05-18,70.5,33.47
2010-05-19,69.11,33.51
2010-05-20,71.2,32.2
2010-05-21,69.52,32.27
2010-05-24,70.62,32.17
2010-05-25,69.9,31.85
2010-05-26,70.06,32.59
2010-05-27,70.74,34.31
2010-05-28,74.9,34.039
2010-06-01,73.97,33.18
2010-06-02,71.94,33.79
2010-06-03,73.7,34.26
2010-06-04,74.61,32.68
2010-06-07,70.35,32.59
2010-06-08,71.16,33.19
2010-06-09,72.51,33.95
2010-06-10,73.87,34.77
2010-06-11,75.52,34.23
2010-06-14,74.06,34.33
2010-06-15,74.77,35.23
2010-06-16,77.06,35.49
2010-06-17,77.45,35.14
2010-06-18,76.55,35.41
2010-06-21,77.5,35.33
2010-06-22,77.35,35
2010-06-23,77.52,34.24
2010-06-24,76,34.39
2010-06-25,76.56,35.66
2010-06-28,79,35.21
2010-06-29,78.15,34.17
2010-06-30,75.46,33.96
2010-07-01,75.37,32.87
2010-07-02,72.67,32.6
2010-07-06,72.06,32.61
2010-07-07,72.07,33.65
2010-07-08,74.85,34.23
2010-07-09,75.85,34.34
2010-07-12,76.3,33.78
2010-07-13,75.06,34.74
2010-07-14,77.13,34.66
2010-07-15,76.76,34.58
2010-07-16,76.82,34.16
2010-07-19,75.72,34.46
2010-07-20,76.4,34.82
2010-07-21,77.85,34.2
2010-07-22,76.43,35.42
2010-07-23,79.27,35.39
2010-07-26,78.98,35.35
2010-07-27,78.92,34.67
2010-07-28,77.08,34.36
2010-07-29,76.89,35.06
2010-07-30,78.25,35.34
2010-08-02,78.95,36.48
2010-08-03,81.41,36.91
2010-08-04,82.42,36.9
2010-08-05,82.44,36.71
2010-08-06,82.12,36.2
2010-08-09,80.91,36.53
2010-08-10,81.44,35.87
2010-08-11,80.22,34.74
2010-08-12,77.31,33.92
2010-08-13,75.75,33.79
2010-08-16,75.6,33.61
2010-08-17,75.06,33.87
2010-08-18,75.45,33.68
2010-08-19,75.27,33.25
2010-08-20,74.45,32.95
2010-08-23,73.9,32.43
2010-08-24,72.95,31.77
2010-08-25,71.47,32.37
2010-08-26,72.82,32.62
2010-08-27,73.18,33.57
2010-08-30,75.5,33.02
2010-08-31,74.07,31.92
2010-09-01,71.7,32.95
2010-09-02,73.91,33.39
2010-09-03,74.93,33.09
2010-09-07,74.3,32.77
2010-09-08,74.4,33.14
2010-09-09,74.92,32.89
2010-09-10,74.4,33.77
2010-09-13,76.36,34.03
2010-09-14,77.17,33.89
2010-09-15,76.64,33.49
2010-09-16,75.76,32.98
2010-09-17,74.47,32.65
2010-09-20,73.59,33.219
2010-09-21,74.57,32.65
2010-09-22,73.45,32.58
2010-09-23,74.84,32.67
2010-09-24,74.95,33.4
2010-09-27,76.47,33.24
2010-09-28,76.01,33.19
2010-09-29,76.2,33.94
2010-09-30,77.91,34.84
2010-10-01,79.84,35.63
2010-10-04,81.68,35.59
2010-10-05,81.37,36.09
2010-10-06,82.6,36.28
2010-10-07,83.27,35.46
2010-10-08,81.43,36.15
2010-10-11,82.95,35.6
2010-10-12,81.94,35.65
2010-10-13,81.72,36.16
2010-10-14,83.23,36
2010-10-15,82.77,35.47
2010-10-18,81.38,36.28
2010-10-19,82.95,34.62
2010-10-20,79.48,35.59
2010-10-21,82.55,34.85
2010-10-22,80.73,35.49
2010-10-25,82.01,35.57
2010-10-26,82.47,35.68
2010-10-27,82.48,35.42
2010-10-28,81.99,35.39
2010-10-29,81.92,35.17
2010-11-01,81.45,35.81
2010-11-02,82.88,36.27
2010-11-03,84.37,36.74
2010-11-04,85.09,37.49
2010-11-05,86.6,37.65
2010-11-08,87.39,37.53
2010-11-09,86.75,37.05
2010-11-10,86.45,38.04
2010-11-11,87.85,37.84
2010-11-12,87.73,36.47
2010-11-15,84.87,36.5
2010-11-16,84.58,35.45
2010-11-17,82.44,34.73
2010-11-18,80.45,35.5
2010-11-19,82.24,35.22
2010-11-22,82.15,35.05
2010-11-23,81.61,34.95
2010-11-24,80.99,36.08
2010-11-26,83.7,35.95
2010-11-29,83.9,36.78
2010-11-30,85.81,36.04
2010-12-01,83.66,37.2
2010-12-02,86.8,37.77
2010-12-03,87.94,38.31
2010-12-06,89.44,38.22
2010-12-07,88.92,37.8
2010-12-08,88.35,37.96
2010-12-09,88.55,37.94
2010-12-10,88.51,37.66
2010-12-13,87.68,37.89
2010-12-14,88.19,37.9
2010-12-15,88.28,37.99
2010-12-16,88.48,37.765
2010-12-17,87.87,37.81
2010-12-20,88.18,38.05
2010-12-21,88.7,38.29
2010-12-22,89.99,38.64
2010-12-23,90.61,38.98
2010-12-27,91.07,38.71
2010-12-28,90.79,38.91
2010-12-29,91.27,38.82
2010-12-30,90.98,38.12
2010-12-31,89.67,39
2011-01-03,91.31,39.05
2011-01-04,91.5,38.08
2011-01-05,89.29,38.52
2011-01-06,90.47,37.68
2011-01-07,88.18,37.67
2011-01-10,89,38.17
2011-01-11,89.31,38.88
2011-01-12,91.18,38.99
2011-01-13,92,38.65
2011-01-14,90.99,38.92
2011-01-18,91.51,38.73
2011-01-19,91.34,38.54
2011-01-20,90.7,37.57
2011-01-21,89.45,37.51
2011-01-24,89.26,36.93
2011-01-25,87.7,36.27
2011-01-26,86.23,36.85
2011-01-27,87.55,35.94
2011-01-28,85.28,37.58
2011-01-31,89.97,38.61
2011-02-01,92.2,38.07
2011-02-02,90.51,38.18
2011-02-03,90.93,38.09
2011-02-04,90.63,37.34
2011-02-07,89.06,36.66
2011-02-08,87.41,36.64
2011-02-09,87.35,36.5
2011-02-10,86.93,36.54
2011-02-11,87.7,36.05
2011-02-14,85.5,35.88
2011-02-15,84.84,35.39
2011-02-16,84.44,35.53
2011-02-17,85.25,36.06
2011-02-18,86.4,36.36
2011-02-22,86.38,38.49
2011-02-23,95.68,39.8
2011-02-24,98.97,38.97
2011-02-25,96.63,39.68
2011-02-28,98.5,39.19
2011-03-01,96.97,40.48
2011-03-02,100.48,41.39
2011-03-03,102.39,41.18
2011-03-04,101.7,42.33
2011-03-07,104.65,42.37
2011-03-08,104.85,42.31
2011-03-09,104.96,42.05
2011-03-10,104.45,41.4
2011-03-11,102.64,40.69
2011-03-14,100.31,40.91
2011-03-15,101.86,39.39
2011-03-16,97.4,39.679
2011-03-17,98.1,40.6921
2011-03-18,101.78,40.97
2011-03-21,102.12,41.13
2011-03-22,103.9,41.93
2011-03-23,104.85,42.11
2011-03-24,105.52,42.05
2011-03-25,105.46,42.18
2011-03-28,105.43,41.42
2011-03-29,103.94,41.83
2011-03-30,104.45,41.66
2011-03-31,104.31,42.6
2011-04-01,106.62,43.17
2011-04-04,108.29,43.26
2011-04-05,108.2,43.1
2011-04-06,107.99,43.37
2011-04-07,108.67,43.99
2011-04-08,110.32,45.15
2011-04-11,110.05,43.64
2011-04-12,108.97,42.3
2011-04-13,106.02,42.75
2011-04-14,107.32,43.28
2011-04-15,108.45,43.71
2011-04-18,109.43,42.88
2011-04-19,107.52,42.95
2011-04-20,108.45,44.22
2011-04-21,111.37,44.57
2011-04-25,112.34,44.53
2011-04-26,112.15,44.48
2011-04-27,111.89,45.02
2011-04-28,113.13,44.83
2011-04-29,112.82,45.15
2011-05-02,113.89,44.93
2011-05-03,112.98,44.08
2011-05-04,110.68,43.26
2011-05-05,108.78,39.32
2011-05-06,99.76,38.87
2011-05-09,98.11,40.87
2011-05-10,102.44,41.08
2011-05-11,103.69,39.35
2011-05-12,98.59,39.28
2011-05-13,98.81,39.44
2011-05-16,99.36,38.51
2011-05-17,96.98,38.55
2011-05-18,97.57,39.5
2011-05-19,99.76,39.07
2011-05-20,98.6,39.47
2011-05-23,99.68,38.47
2011-05-24,97.54,39.28
2011-05-25,99.27,39.93
2011-05-26,101.24,39.6
2011-05-27,100.16,39.71
2011-05-31,100.69,40.5
2011-06-01,102.68,39.52
2011-06-02,99.79,39.68
2011-06-03,100.87,39.66
2011-06-06,100.42,39
2011-06-07,98.82,39.05
2011-06-08,99.58,39.85
2011-06-09,100.83,40.14
2011-06-10,101.84,39.07
2011-06-13,98.77,38.26
2011-06-14,97.09,39.1
2011-06-15,99.68,37.58
2011-06-16,95.29,37.42
2011-06-17,95.1,36.63
2011-06-20,92.8,36.72
2011-06-21,93.49,36.79
2011-06-22,93.76,37.1
2011-06-23,94.4,36.01
2011-06-24,92.28,35.81
2011-06-27,91.16,35.64
2011-06-28,90.71,36.42
2011-06-29,93.37,37.23
2011-06-30,95.08,37.24
2011-07-01,95.12,37.15
2011-07-05,94.98,37.96
2011-07-06,97,37.89
2011-07-07,97.04,38.61
2011-07-08,98.79,37.8
2011-07-11,96.1,37.29
2011-07-12,95.09,37.93
2011-07-13,96.72,38.35
2011-07-14,97.59,37.55
2011-07-15,96.03,38.13
2011-07-18,97.37,37.59
2011-07-19,96.16,38.25
2011-07-20,98.11,38.4
2011-07-21,98.36,38.72
2011-07-22,99.2,38.93
2011-07-25,99.76,38.68
2011-07-26,99.15,38.81
2011-07-27,99.18,37.97
2011-07-28,97.27,37.91
2011-07-29,97.16,37.42
2011-08-01,96.2,37.2
2011-08-02,95.02,36.4
2011-08-03,93.15,35.86
2011-08-04,91.94,33.726
2011-08-05,86.5,33.95
2011-08-08,85.71,31.51
2011-08-09,81.1,31.62
2011-08-10,81.9,31.78
2011-08-11,81.95,33.3
2011-08-12,85.55,33.23
2011-08-15,85.59,34.22
2011-08-16,87.68,33.83
2011-08-17,87.1,34.01
2011-08-18,87.41,31.72
2011-08-19,81.3,32.12
2011-08-22,82.42,32.72
2011-08-23,84.45,33.42
2011-08-24,85.67,33.08
2011-08-25,85.17,32.97
2011-08-26,85.09,33.15
2011-08-29,85.33,33.96
2011-08-30,87.54,34.44
2011-08-31,88.79,34.51
2011-09-01,88.73,34.47
2011-09-02,88.78,33.64
2011-09-06,86.46,33.59
2011-09-07,86.5,34.69
2011-09-08,90.11,34.46
2011-09-09,88.77,33.85
2011-09-12,86.7,34.42
2011-09-13,88.95,34.85
2011-09-14,89.88,34.34
2011-09-15,88.6,34.6
2011-09-16,89.11,34.14
2011-09-19,87.75,33.29
2011-09-20,85.84,33.43
2011-09-21,86.51,32.92
2011-09-22,84.81,31.13
2011-09-23,80.4,31.09
2011-09-26,79.64,31.47
2011-09-27,81.48,32.37
2011-09-28,83.76,31.25
2011-09-29,80.67,31.97
2011-09-30,83.07,30.49
2011-10-03,78.92,29.74
2011-10-04,76.4,29.91
2011-10-05,78.25,30.84
2011-10-06,79.71,31.98
2011-10-07,82.57,32.04
2011-10-10,82.75,33.24
2011-10-11,85.7,33.01
2011-10-12,85.2,32.92
2011-10-13,84.93,32.65
2011-10-14,84.47,33.87
2011-10-17,87.48,33.43
2011-10-18,86.2,34.15
2011-10-19,88.26,33.31
2011-10-20,86.1,33.33
2011-10-21,86.5,33.85
2011-10-24,87.05,35.38
2011-10-25,91.69,35.8
2011-10-26,92.59,35.06
2011-10-27,90.98,36.21
2011-10-28,93.93,36.03
2011-10-31,93.53,35.74
2011-11-01,92.58,35.2
2011-11-02,91.6,35.67
2011-11-03,92.99,36.32
2011-11-04,94.24,36.46
2011-11-07,94.4,37.09
2011-11-08,95.87,37.43
2011-11-09,96.81,37
2011-11-10,95.75,37.72
2011-11-11,97.51,38.21
2011-11-14,99.3,37.86
2011-11-15,98.04,38.429
2011-11-16,99.32,39.34
2011-11-17,101.76,38.23
2011-11-18,98.61,37.82
2011-11-21,97.54,37.59
2011-11-22,97.2,37.82
2011-11-23,97.79,37.16
2011-11-25,95.79,37.16
2011-11-28,97.5,37.85
2011-11-29,97.75,38.55
2011-11-30,99.48,38.78
2011-12-01,100.51,38.61
2011-12-02,100,39.03
2011-12-05,101.23,39.01
2011-12-06,100.45,39
2011-12-07,101.11,38.81
2011-12-08,100.84,37.78
2011-12-09,98.08,38.5
2011-12-12,99.58,37.88
2011-12-13,97.85,38.61
2011-12-14,100.33,36.66
2011-12-15,94.89,36.13
2011-12-16,93.42,36.27
2011-12-19,93.76,36.2
2011-12-20,94.14,37.555
2011-12-21,98.67,38.11
2011-12-22,99.03,38.28
2011-12-23,99.48,38.49
2011-12-27,99.92,39.06
2011-12-28,101.25,38.34
2011-12-29,99.59,38.41
2011-12-30,99.78,38.11
2012-01-03,99.7,39.69
2012-01-04,102.99,39.77
2012-01-05,103.29,39.17
2012-01-06,101.35,39.22
2012-01-09,101.92,39.08
2012-01-10,101.3,39.34
2012-01-11,102.2,38.92
2012-01-12,101,38.06
2012-01-13,99.2,38.16
2012-01-17,98.95,38.79
2012-01-18,100.91,38.83
2012-01-19,101.14,38.69
2012-01-20,100.39,37.78
2012-01-23,98.34,38.39
2012-01-24,99.88,38.1
2012-01-25,99.2,38.35
2012-01-26,99.96,38.37
2012-01-27,99.93,38.3
2012-01-30,100,38.01
2012-01-31,98.88,37.82
2012-02-01,98.38,37.38
2012-02-02,97.11,37.13
2012-02-03,96.61,37.59
2012-02-06,97.74,37.33
2012-02-07,97.13,37.95
2012-02-08,98.77,38.04
2012-02-09,99.1,38.33
2012-02-10,99.89,38.02
2012-02-13,99.33,38.69
2012-02-14,100.73,38.84
2012-02-15,100.9,39.18
2012-02-16,101.9,39.28
2012-02-17,102.35,39.75
2012-02-21,104.65,40.58
2012-02-22,106.01,40.59
2012-02-23,105.95,41.37
2012-02-24,108.66,42.01
2012-02-27,109.67,41.18
2012-02-28,107.95,40.79
2012-02-29,106.46,40.92
2012-03-01,106.82,41.75
2012-03-02,108.75,40.77
2012-03-05,106.75,40.97
2012-03-06,107.11,40.13
2012-03-07,104.93,40.61
2012-03-08,106.24,40.82
2012-03-09,106.91,41.09
2012-03-12,106.4,40.7
2012-03-13,106.55,40.83
2012-03-14,106.69,40.41
2012-03-15,105.5,40.28
2012-03-16,105.44,41.03
2012-03-19,107.18,41.29
2012-03-20,107.82,40.43
2012-03-21,106.33,40.66
2012-03-22,106.81,40.14
2012-03-23,105.52,40.69
2012-03-26,106.79,40.77
2012-03-27,107.09,40.71
2012-03-28,106.81,40.19
2012-03-29,105.58,39.29
2012-03-30,103.29,39.23
2012-04-02,103.27,40.03
2012-04-03,105.04,39.66
2012-04-04,104.09,38.84
2012-04-05,101.96,39.26
2012-04-06,103.31,39.26
2012-04-09,102.53,38.97
2012-04-10,102.33,38.51
2012-04-11,100.94,39.01
2012-04-12,102.55,39.44
2012-04-13,103.66,39.15
2012-04-16,102.8,39.18
2012-04-17,103.15,39.64
2012-04-18,104.22,39.05
2012-04-19,102.73,38.96
2012-04-20,102.57,39.39
2012-04-23,103.82,39.03
2012-04-24,103.11,39.17
2012-04-25,103.76,39.41
2012-04-26,103.96,39.53
2012-04-27,104.1,39.62
2012-04-30,104.93,39.68
2012-05-01,104.89,40.15
2012-05-02,105.98,39.89
2012-05-03,105.39,38.83
2012-05-04,102.59,37.29
2012-05-07,98.05,37.05
2012-05-08,97.96,36.87
2012-05-09,97.38,36.52
2012-05-10,96.45,36.61
2012-05-11,96.53,36.26
2012-05-14,95.79,35.61
2012-05-15,93.91,35.28
2012-05-16,93.16,35.05
2012-05-17,92.77,35.04
2012-05-18,92.86,34.43
2012-05-21,91.27,35.15
2012-05-22,92.64,34.48
2012-05-23,91.54,34.09
2012-05-24,90.53,34.26
2012-05-25,90.79,34.22
2012-05-29,91,34.23
2012-05-30,90.86,33.02
2012-05-31,87.55,32.61
2012-06-01,86.44,31.43
2012-06-04,82.96,31.76
2012-06-05,84.14,31.76
2012-06-06,84.12,32.15
2012-06-07,85.5,31.72
2012-06-08,83.63,31.8
2012-06-11,85.72,30.699
2012-06-12,81.18,31.415
2012-06-13,83.51,31.1
2012-06-14,82.44,31.73
2012-06-15,84.33,31.63
2012-06-18,85.09,31.32
2012-06-19,83.06,31.68
2012-06-20,84.04,30.49
2012-06-21,81.08,29.455
2012-06-22,78.11,30.1
2012-06-25,80.2,29.8
2012-06-26,79.23,29.81
2012-06-27,79.47,30.2
2012-06-28,80.48,29.5
2012-06-29,78.46,31.83
2012-07-02,84.65,31.43
2012-07-03,83.67,32.94
2012-07-05,87.75,32.62
2012-07-06,86.73,31.59
2012-07-09,84.2,32.17
2012-07-10,85.84,31.52
2012-07-11,84.01,32.33
2012-07-12,86.2,32.2
2012-07-13,85.86,32.68
2012-07-16,87.13,33.12
2012-07-17,88.26,33.38
2012-07-18,89.13,33.69
2012-07-19,90.08,34.64
2012-07-20,92.22,34.2
2012-07-23,91.61,33
2012-07-24,88.05,33.15
2012-07-25,88.2,33.21
2012-07-26,89.1,33.41
2012-07-27,89.43,33.67
2012-07-30,90.14,33.45
2012-07-31,89.67,32.68
2012-08-01,88.03,33.17
2012-08-02,88.87,32.6
2012-08-03,87.26,34.07
2012-08-06,91.34,34.42
2012-08-07,92.05,34.91
2012-08-08,93.41,34.87
2012-08-09,93.43,34.93
2012-08-10,93.46,34.85
2012-08-13,93.25,34.66
2012-08-14,92.71,34.92
2012-08-15,93.25,35.19
2012-08-16,94.21,35.56
2012-08-17,95.23,35.95
2012-08-20,96.36,35.83
2012-08-21,95.97,35.98
2012-08-22,96.94,36.22
2012-08-23,97.3,35.76
2012-08-24,96.06,35.68
2012-08-27,96.67,35.61
2012-08-28,95.66,35.79
2012-08-29,96.08,35.38
2012-08-30,95.3,35.26
2012-08-31,94.75,35.89
2012-09-04,96.38,35.51
2012-09-05,95.61,35.57
2012-09-06,96,35.23
2012-09-07,94.7,35.88
2012-09-10,96.24,35.85
2012-09-11,96.29,36.11
2012-09-12,96.85,36.04
2012-09-13,96.93,36.51
2012-09-14,98.04,36.84
2012-09-17,99.15,35.75
2012-09-18,96.71,35.57
2012-09-19,95.49,34.12
2012-09-20,91.77,34.51
2012-09-21,92.93,34.49
2012-09-24,93.18,34.09
2012-09-25,92.11,33.75
2012-09-26,90.82,33.34
2012-09-27,90.08,34.15
2012-09-28,92.35,34.12
2012-10-01,92.15,34.25
2012-10-02,92.41,34.02
2012-10-03,91.64,32.61
2012-10-04,88.01,33.94
2012-10-05,91.51,33.35
2012-10-08,89.85,33.22
2012-10-09,89.62,34.18
2012-10-10,92.26,33.84
2012-10-11,91.27,34.29
2012-10-12,92.41,34
2012-10-15,91.63,34
2012-10-16,91.76,34.135
2012-10-17,92.08,34.1
2012-10-18,92.06,34.07
2012-10-19,92.04,33.34
2012-10-22,89.52,32.9
2012-10-23,89.14,31.97
2012-10-24,86.6,31.63
2012-10-25,85.65,31.78
2012-10-26,86,31.79
2012-10-29,86.43,31.79
2012-10-30,85.31,31.79
2012-10-31,85.73,31.78
2012-11-01,86.1,32.06
2012-11-02,86.91,31.35
2012-11-05,84.65,31.61
2012-11-06,85.67,32.56
2012-11-07,88.42,31.2094
2012-11-08,84.52,31.3
2012-11-09,85,31.73
2012-11-12,86.19,31.59
2012-11-13,85.59,31.41
2012-11-14,85.37,31.77
2012-11-15,86.36,31.49
2012-11-16,85.28,31.9276
2012-11-19,87.3,32.67
2012-11-20,89.15,31.95
2012-11-21,87.28,32.12
2012-11-23,87.68,32.32
2012-11-26,88.21,32.19
2012-11-27,87.82,31.98
2012-11-28,87.33,31.79
2012-11-29,86.57,32.17
2012-11-30,87.66,32.56
2012-12-03,88.85,32.6
2012-12-04,88.93,32.405
2012-12-05,88.5,32.22
2012-12-06,87.87,31.66
2012-12-07,86.39,31.53
2012-12-10,85.98,31.39
2012-12-11,85.7,31.47
2012-12-12,85.69,31.78
2012-12-13,86.77,31.58
2012-12-14,86.13,31.81
2012-12-17,86.88,32.005
2012-12-18,87.45,32.18
2012-12-19,87.94,32.67
2012-12-20,89.69,32.73
2012-12-21,90.02,32.36
2012-12-24,88.6,32.24
2012-12-26,88.62,33.15
2012-12-27,91,33.19
2012-12-28,91.15,33.04
2012-12-31,90.41,33.37
2013-01-02,91.78,33.82
2013-01-03,92.91,33.74
2013-01-04,92.86,33.88
2013-01-07,93.21,33.92
2013-01-08,93.32,33.96
2013-01-09,93.15,33.88
2013-01-10,93.19,34.17
2013-01-11,93.87,34.06
2013-01-14,93.74,34.28
2013-01-15,94.2,33.99
2013-01-16,93.4,34.28
2013-01-17,94.19,34.67
2013-01-18,95.19,34.77
2013-01-22,95.25,35.01
2013-01-23,96.76,34.61
2013-01-24,95.5,34.76
2013-01-25,95.95,34.78
2013-01-28,96.04,34.94
2013-01-29,96.46,35.29
2013-01-30,97.32,35.49
2013-01-31,97.96,35.28
2013-02-01,97.42,35.35
2013-02-04,97.72,34.78
2013-02-05,96.13,35.03
2013-02-06,96.64,35.04
2013-02-07,96.86,34.68
2013-02-08,95.92,34.7
2013-02-11,95.79,35.12
2013-02-12,96.96,35.28
2013-02-13,97.59,35.19
2013-02-14,97.17,35.27
2013-02-15,97.34,34.72
2013-02-19,95.97,34.96
2013-02-20,96.66,34.17
2013-02-21,94.72,33.43
2013-02-22,92.96,33.6
2013-02-25,93.23,33.21
2013-02-26,91.92,33.33
2013-02-27,92.72,33.4
2013-02-28,92.89,33.06
2013-03-01,91.76,32.74
2013-03-04,90.71,32.4
2013-03-05,90.23,32.69
2013-03-06,90.83,32.54
2013-03-07,90.42,32.94
2013-03-08,91.42,33.05
2013-03-11,91.83,33.04
2013-03-12,91.94,33.26
2013-03-13,92.62,33.19
2013-03-14,92.51,33.42
2013-03-15,93.15,33.6
2013-03-18,93.26,33.65
2013-03-19,93.8,33.07
2013-03-20,92.09,33.45
2013-03-21,93.4,33.05
2013-03-22,92.33,33.61
2013-03-25,93.72,33.85
2013-03-26,94.75,34.45
2013-03-27,96.18,34.55
2013-03-28,96.68,34.75
2013-04-01,97.36,34.68
2013-04-02,97,34.65
2013-04-03,96.93,33.76
2013-04-04,94.5,33.39
2013-04-05,93.36,33.28
2013-04-08,93.02,33.49
2013-04-09,93.49,33.64
2013-04-10,93.96,33.83
2013-04-11,94.56,33.46
2013-04-12,93.49,32.53
2013-04-15,90.95,31.49
2013-04-16,87.42,31.76
2013-04-17,88.8,31.01
2013-04-18,86.39,31.64
2013-04-19,88.37,31.39
2013-04-22,87.96,31.82
2013-04-23,89.28,31.86
2013-04-24,89.6,32.659
2013-04-25,91.58,33.25
2013-04-26,93.24,33.12
2013-04-29,92.7,33.61
2013-04-30,94.42,33.16
2013-05-01,93.08,32.39
2013-05-02,91,33.49
2013-05-03,93.99,34.01
2013-05-06,95.58,34.14
2013-05-07,95.79,34.01
2013-05-08,95.56,34.4
2013-05-09,96.6,34.17
2013-05-10,96.16,34.14
2013-05-13,95.76,33.86
2013-05-14,94.93,33.56
2013-05-15,94.13,33.61
2013-05-16,94.34,33.87
2013-05-17,95.15,34.21
2013-05-20,95.93,34.439
2013-05-21,96.7,34.11
2013-05-22,95.9,33.46
2013-05-23,94.18,33.54
2013-05-24,94.37,33.37
2013-05-28,93.89,33.79
2013-05-29,95.05,33.1
2013-05-30,92.89,33.25
2013-05-31,93.64,32.61
2013-06-03,91.73,33.16
2013-06-04,93.35,33.2
2013-06-05,93.86,33.26
2013-06-06,93.7,33.62
2013-06-07,94.72,34.16
2013-06-10,96.09,34
2013-06-11,95.76,33.79
2013-06-12,94.89,34.03
2013-06-13,95.77,34.33
2013-06-14,96.64,34.74
2013-06-17,97.85,34.76
2013-06-18,97.93,34.96
2013-06-19,98.59,34.78
2013-06-20,98.02,33.63
2013-06-21,94.96,33.23
2013-06-24,93.85,33.64
2013-06-25,95.02,33.74
2013-06-26,95.17,33.8
2013-06-27,95.52,34.33
2013-06-28,96.81,34.18
2013-07-01,96.58,34.67
2013-07-02,98.06,35.21
2013-07-03,99.61,35.84
2013-07-05,101.09,36.56
2013-07-08,103.95,36.41
2013-07-09,103,36.77
2013-07-10,104.57,37.43
2013-07-11,106.15,37.01
2013-07-12,104.58,37.56
2013-07-15,106.05,37.67
2013-07-16,106.44,37.48
2013-07-17,105.78,37.8
2013-07-18,106.56,38.34
2013-07-19,108.12,38.45
2013-07-22,108.34,37.92
2013-07-23,107,38.09
2013-07-24,107.36,37.4
2013-07-25,105.37,37.58
2013-07-26,105.56,37.21
2013-07-29,104.61,37.13
2013-07-30,104.52,36.67
2013-07-31,103.15,37.36
2013-08-01,105.26,38.27
2013-08-02,107.8,37.94
2013-08-05,106.84,37.83
2013-08-06,106.48,37.46
2013-08-07,105.68,37.01
2013-08-08,104.18,36.84
2013-08-09,103.87,37.59
2013-08-12,105.84,37.76
2013-08-13,106.15,37.9
2013-08-14,106.54,38.09
2013-08-15,106.98,38.24
2013-08-16,107.18,38.4
2013-08-19,107.78,38.17
2013-08-20,106.93,37.52
2013-08-21,105.18,37.17
2013-08-22,103.86,37.54
2013-08-23,105.22,37.95
2013-08-26,106.91,37.96
2013-08-27,106.14,38.87
2013-08-28,109.22,39.08
2013-08-29,109.53,38.58
2013-08-30,108.17,38.48
2013-09-03,107.07,38.76
2013-09-04,108.44,38.34
2013-09-05,107.59,38.69
2013-09-06,108.52,39.36
2013-09-09,110.28,38.94
2013-09-10,108.92,38.335
2013-09-11,107.36,38.48
2013-09-12,107.77,38.865
2013-09-13,108.64,38.85
2013-09-16,107.5,38.11
2013-09-17,106.22,37.74
2013-09-18,105.53,38.68
2013-09-19,108.22,38.08
2013-09-20,106.37,37.77
2013-09-23,104.89,37.27
2013-09-24,103.44,37.22
2013-09-25,103.41,36.88
2013-09-26,102.3,37.08
2013-09-27,102.91,36.96
2013-09-30,102.46,36.85
2013-10-01,102.31,36.68
2013-10-02,101.62,37.42
2013-10-03,103.82,37.14
2013-10-04,102.92,37.31
2013-10-07,103.45,37.14
2013-10-08,103.16,37.31
2013-10-09,103.49,36.55
2013-10-10,101.46,37.1
2013-10-11,102.94,36.75
2013-10-14,101.37,36.87
2013-10-15,102.19,36.47
2013-10-16,100.88,36.92
2013-10-17,102.13,36.38
2013-10-18,100.72,36.45
2013-10-21,100.63,35.94
2013-10-22,99.06,35.41
2013-10-23,98.12,34.95
2013-10-24,97.1,34.99
2013-10-25,97.19,35.32
2013-10-28,97.88,35.55
2013-10-29,98.54,35.41
2013-10-30,97.77,34.85
2013-10-31,96.62,34.69
2013-11-01,96.32,34.129
2013-11-04,94.52,34.04
2013-11-05,94.47,33.67
2013-11-06,93.74,34.189
2013-11-07,94.91,33.97
2013-11-08,94.36,34.01
2013-11-11,94.45,34.26
2013-11-12,95,33.64
2013-11-13,93.07,33.9
2013-11-14,93.5,33.93
2013-11-15,93.89,33.88
2013-11-18,93.78,33.62
2013-11-19,93,33.72
2013-11-20,93.33,33.63
2013-11-22,95.29,34.04
2013-11-25,94.15,33.82
2013-11-26,94.21,33.69
2013-11-27,93.5,33.19
2013-11-29,92.33,33.46
2013-12-02,92.71,33.68
2013-12-03,93.86,34.51
2013-12-04,96.9,34.88
2013-12-05,97.33,34.93
2013-12-06,97.38,35.05
2013-12-09,97.66,34.91
2013-12-10,97.25,35.31
2013-12-11,98.65,34.98
2013-12-12,97.55,34.97
2013-12-13,97.58,34.64
2013-12-16,96.55,34.94
2013-12-17,97.3,34.87
2013-12-18,97.3,35.03
2013-12-19,97.69,35.32
2013-12-20,98.7,35.48
2013-12-23,99.2,35.36
2013-12-24,98.62,35.49
2013-12-26,99.2,35.65
2013-12-27,99.63,35.84
2013-12-30,100.15,35.53
2013-12-31,99.25,35.32
2014-01-02,98.5,34.23
2014-01-03,95.47,33.75
2014-01-06,94.18,33.57
2014-01-07,93.6,33.58
2014-01-08,93.96,33.16
2014-01-09,92.58,33.08
2014-01-10,92.3,33.19
2014-01-13,92.83,32.81
2014-01-14,91.51,33.04
2014-01-15,92.65,33.77
2014-01-16,94.29,33.65
2014-01-17,94.17,33.69
2014-01-21,94,33.99
2014-01-22,95.2,34.56
2014-01-23,96.69,34.72
2014-01-24,97.37,34.58
2014-01-27,96.9,34.23
2014-01-28,95.66,34.69
2014-01-29,97.17,34.73
2014-01-30,97.42,34.95
2014-01-31,97.97,34.8
2014-02-03,97.4,34.52
2014-02-04,96.53,34.74
2014-02-05,97.67,34.71
2014-02-06,97.25,34.9
2014-02-07,97.97,35.64
2014-02-10,100.05,35.63
2014-02-11,99.97,35.64
2014-02-12,100.46,35.8
2014-02-13,100.27,35.87
2014-02-14,100.34,35.91
2014-02-18,100.32,36.66
2014-02-19,103.14,36.9
2014-02-20,103.41,36.88
2014-02-21,102.87,36.69
2014-02-24,102.29,36.79
2014-02-25,102.8,36.59
2014-02-26,102.04,36.75
2014-02-27,102.57,36.69
2014-02-28,102.15,36.74
2014-03-03,103,37.52
2014-03-04,104.89,37.06
2014-03-05,103.35,36.24
2014-03-06,101.04,36.57
2014-03-07,101.97,36.78
2014-03-10,102.75,36.3
2014-03-11,100.94,35.81
2014-03-12,99.48,35.35
2014-03-13,98.1,35.34
2014-03-14,98.25,35.53
2014-03-17,99.39,35.15
2014-03-18,97.97,35.58
2014-03-19,99.53,35.71
2014-03-20,100.39,35.58
2014-03-21,98.59,35.84
2014-03-24,99.49,35.82
2014-03-25,99.43,35.77
2014-03-26,99.18,36.09
2014-03-27,100.3,36.5
2014-03-28,101.34,36.62
2014-03-31,101.69,36.59
2014-04-01,101.53,35.83
2014-04-02,99.64,35.8
2014-04-03,99.29,36.14
2014-04-04,100.38,36.43
2014-04-07,100.91,36.28
2014-04-08,100.69,36.9
2014-04-09,102.35,37.22
2014-04-10,103.44,37.2
2014-04-11,103.34,37.18
2014-04-14,103.56,37.38
2014-04-15,103.6,37.39
2014-04-16,103.76,37.48
2014-04-17,103.84,37.66
2014-04-21,104.54,37.64
2014-04-22,104.36,37
2014-04-23,101.86,36.91
2014-04-24,101.54,37.05
2014-04-25,101.93,36.6
2014-04-28,100.49,36.71
2014-04-29,100.89,36.72
2014-04-30,100.76,36.32
2014-05-01,99.72,36.16
2014-05-02,99.17,36.29
2014-05-05,99.96,36.14
2014-05-06,99.38,36.19
2014-05-07,99.83,36.6
2014-05-08,100.82,36.49
2014-05-09,100.27,36.4
2014-05-12,100.12,36.59
2014-05-13,100.63,37.04
2014-05-14,101.91,37.18
2014-05-15,102.03,37.04
2014-05-16,101.56,37.23
2014-05-19,102.13,37.38
2014-05-20,102.6,37.52
2014-05-21,102.96,37.98
2014-05-22,103.85,38.01
2014-05-23,103.71,38.18
2014-05-27,104.34,38.14
2014-05-28,104.14,37.68
2014-05-29,103.06,37.91
2014-05-30,103.51,37.68
2014-06-02,102.92,37.53
2014-06-03,102.44,37.64
2014-06-04,102.79,37.51
2014-06-05,102.37,37.55
2014-06-06,102.44,37.61
2014-06-09,102.78,38.18
2014-06-10,104.46,38.28
2014-06-11,104.3,38.25
2014-06-12,104.47,39.08
2014-06-13,106.84,39.12
2014-06-16,106.88,39.17
2014-06-17,106.59,38.99
2014-06-18,106.6,39.01
2014-06-19,106.11,39.13
2014-06-20,106.6,39.32
2014-06-23,107.42,39.16
2014-06-24,106.02,39.09
2014-06-25,106.14,39.29
2014-06-26,106.71,38.97
2014-06-27,105.64,38.98
2014-06-30,105.69,38.88
2014-07-01,105.44,38.86
2014-07-02,105.21,38.4
2014-07-03,104.27,38.25
2014-07-07,103.75,38.17
2014-07-08,103.39,38.18
2014-07-09,103.45,37.69
2014-07-10,101.95,37.9
2014-07-11,102.86,37.16
2014-07-14,100.46,37.32
2014-07-15,100.93,36.88
2014-07-16,100.21,37.31
2014-07-17,101.49,37.83
2014-07-18,103.72,37.72
2014-07-21,102.97,38.1
2014-07-22,104.58,37.95
2014-07-23,101.96,38.16
2014-07-24,103.2,37.82
2014-07-25,102.04,37.77
2014-07-28,101.87,37.64
2014-07-29,101.6,37.39
2014-07-30,101.03,36.92
2014-07-31,99.47,36.315
2014-08-01,97.7,36.19
2014-08-04,97.67,36.48
2014-08-05,98.41,36.16
2014-08-06,97.62,35.95
2014-08-07,96.89,36.16
2014-08-08,97.64,36.12
2014-08-11,97.54,36.22
2014-08-12,97.84,35.99
2014-08-13,97.2,36.02
2014-08-14,97.3,35.11
2014-08-15,95.5,35.44
2014-08-18,97.1,35.06
2014-08-19,96.56,34.71
2014-08-20,94.7,34.86
2014-08-21,93.49,35.09
2014-08-22,93.89,34.96
2014-08-25,93.34,34.87
2014-08-26,93.36,35.04
2014-08-27,93.88,35.03
2014-08-28,93.75,35.32
2014-08-29,94.56,35.76
2014-09-02,95.81,34.79
2014-09-03,93.28,35.55
2014-09-04,95.07,35.3
2014-09-05,94.57,34.9
2014-09-08,93.49,34.7
2014-09-09,93.11,34.62
2014-09-10,92.79,34.26
2014-09-11,91.71,34.69
2014-09-12,93.05,34.38
2014-09-15,92.13,34.56
2014-09-16,92.81,35.25
2014-09-17,94.71,35.01
2014-09-18,93.97,34.62
2014-09-19,92.97,34.57
2014-09-22,92.22,34.19
2014-09-23,90.7,34.44
2014-09-24,91.72,35
2014-09-25,92.89,34.83
2014-09-26,92.47,35.16
2014-09-29,93.35,35.52
2014-09-30,94.34,34.41
2014-10-01,91.36,34.15
2014-10-02,90.74,34.37
2014-10-03,91.38,33.77
2014-10-06,89.77,34.04
2014-10-07,90.45,33.44
2014-10-08,88.43,33
2014-10-09,87.73,32.11
2014-10-10,84.39,32.18
2014-10-13,85.2,31.99
2014-10-14,84.98,30.85
2014-10-15,82.32,30.67
2014-10-16,81.06,31.1
2014-10-17,83.18,31.25
2014-10-20,83.13,31.14
2014-10-21,82.76,31.3
2014-10-22,82.55,30.55
2014-10-23,80.42,31.06
2014-10-24,81.95,30.88
2014-10-27,81.27,30.64
2014-10-28,80.64,30.82
2014-10-29,81.55,31.23
2014-10-30,81.93,30.76
2014-10-31,81.04,30.63
2014-11-03,80.59,29.76
2014-11-04,78.22,29.3
2014-11-05,77.36,29.95
2014-11-06,78.87,29.6
2014-11-07,77.86,29.76
2014-11-10,78.5,29.34
2014-11-11,77.18,29.42
2014-11-12,77.5,29.14
2014-11-13,76.95,28.29
2014-11-14,74.36,28.83
2014-11-17,75.93,28.679
2014-11-18,75.49,28.2
2014-11-19,74.23,28.25
2014-11-20,74.25,28.73
2014-11-21,76.29,29.1
2014-11-24,76.62,28.74
2014-11-25,75.51,28.03
2014-11-26,73.87,27.9
2014-11-28,73.5,25.58
2014-12-01,66,26.315
2014-12-02,69.24,25.58
2014-12-03,67.6,25.58
2014-12-04,67.4,25.34
2014-12-05,66.8,24.96
2014-12-08,65.46,23.91
2014-12-09,63.01,24.2
2014-12-10,63.33,23.28
2014-12-11,61.12,22.68
2014-12-12,59.17,21.93
2014-12-15,57.07,21.06
2014-12-16,55.4,21.3
2014-12-17,55.5,21.34
2014-12-18,55.83,20.74
2014-12-19,55.5,21.96
2014-12-22,57.75,20.92
2014-12-23,55.39,21.56
2014-12-24,56.8,21.05
2014-12-26,55.86,20.78
2014-12-29,55.05,20.3
2014-12-30,53.72,20.293
2014-12-31,53.87,20.36
2015-01-02,53.76,19.89
2015-01-05,52.61,18.79
2015-01-06,50,18.05
2015-01-07,48,18.369
2015-01-08,48.78,18.55
2015-01-09,48.92,18.28
2015-01-12,48.19,17.41
2015-01-13,45.69,17.62
2015-01-14,46.16,18.27
2015-01-15,48.6,17.45
2015-01-16,46.35,18.33
2015-01-20,48.69,17.48
2015-01-21,46.69,17.77
2015-01-22,47.35,17.41
2015-01-23,46.63,17
2015-01-26,45.2,16.87
2015-01-27,45.13,17.21
2015-01-28,45.83,16.56
2015-01-29,44.43,16.68
2015-01-30,44.63,17.82
2015-02-02,47.59,18.62
2015-02-03,49.79,19.62
2015-02-04,51.67,18.28
2015-02-05,48.67,19.03
2015-02-06,50.86,19.47
2015-02-09,52.01,19.77
2015-02-10,52.43,18.94
2015-02-11,50.98,18.51
2015-02-12,49.42,19.18
2015-02-13,51.35,19.62
2015-02-17,52.75,19.79
2015-02-18,53.24,19.26
2015-02-19,50.55,19.1
2015-02-20,51.24,18.65
2015-02-23,50.75,18.11
2015-02-24,49.42,18.04
2015-02-25,49.16,18.65
2015-02-26,51,18.03
2015-02-27,48.97,18.1
2015-03-02,49.45,18.32
2015-03-03,49.8,18.49
2015-03-04,50.61,19.01
2015-03-05,51.62,18.71
2015-03-06,50.89,18.24
2015-03-09,49.6,18.35
2015-03-10,50.08,17.91
2015-03-11,48.77,17.77
2015-03-12,48.44,17.44
2015-03-13,46.93,16.8001
2015-03-16,44.81,16.35
2015-03-17,43.84,15.96
2015-03-18,42.51,16.76
2015-03-19,44.6,16.08
2015-03-20,43.99,16.43
2015-03-23,46.41,16.78
2015-03-24,47.46,16.79
2015-03-25,47.72,17.36
2015-03-26,49.02,18.21
2015-03-27,51.01,17.14
2015-03-30,48.57,17.23
2015-03-31,48.73,16.84
2015-04-01,47.55,17.58
2015-04-02,49.59,17.56
2015-04-06,49.47,18.43
2015-04-07,51.95,19.06
2015-04-08,53.18,18.07
2015-04-09,51,18.03
2015-04-10,50.73,18.41
2015-04-13,51.81,18.5
2015-04-14,52.05,18.82
2015-04-15,53.55,19.71
2015-04-16,55.92,19.94
2015-04-17,56.56,19.84
2015-04-20,56.16,19.89
2015-04-21,56.41,19.45
2015-04-22,56.34,19.36
2015-04-23,56.28,19.76
2015-04-24,57.53,19.67
2015-04-27,57.3,19.52
2015-04-28,56.65,19.6
2015-04-29,56.93,20.12
2015-04-30,58.55,20.51
2015-05-01,59.79,20.4
2015-05-04,59.3,20.28
2015-05-05,58.95,20.76
2015-05-06,60.72,20.82
2015-05-07,60.69,20.2
2015-05-08,59.02,20.42
2015-05-11,59.43,20.38
2015-05-12,59.27,20.74
2015-05-13,61.23,20.61
2015-05-14,60.1,20.53
2015-05-15,59.67,20.52
2015-05-18,59.85,20.44
2015-05-19,59.54,19.63
2015-05-20,58.32,19.84
2015-05-21,58.81,20.5
2015-05-22,60.66,20.25
2015-05-26,60.05,19.69
2015-05-27,58.32,19.48
2015-05-28,57.63,19.56
2015-05-29,57.97,20.31
2015-06-01,60.29,20.36
2015-06-02,60.18,20.68
2015-06-03,61.02,20.17
2015-06-04,59.57,19.66
2015-06-05,57.99,19.9
2015-06-08,58.96,19.71
2015-06-09,58.31,20.21
2015-06-10,60.58,20.64
2015-06-11,61.14,20.49
2015-06-12,60.55,20.27
2015-06-15,59.9,20.15
2015-06-16,59.6,20.26
2015-06-17,60.03,20.21
2015-06-18,59.78,20.36
2015-06-19,60.5,20.02
2015-06-22,59.44,20.16
2015-06-23,60.21,20.47
2015-06-24,61.14,20.21
2015-06-25,60.22,19.98
2015-06-26,59.66,19.98
2015-06-29,58.84,19.51
2015-06-30,58.27,19.88
2015-07-01,58.98,19.1
2015-07-02,56.87,18.93
2015-07-06,54.9,17.73
2015-07-07,52.75,17.76
2015-07-08,52.91,17.38
2015-07-09,51.83,17.71
2015-07-10,52.48,17.67
2015-07-13,52.15,17.51
2015-07-14,52,17.72
2015-07-15,53.4,17.23
2015-07-16,51.62,17.05
2015-07-17,50.91,16.99
2015-07-20,50.76,16.69
2015-07-21,49.95,16.91
2015-07-22,50.71,16.34
2015-07-23,49.23,16.14
2015-07-24,48.79,16.03
2015-07-27,48,15.65
2015-07-28,47.02,15.85
2015-07-29,47.81,16.24
2015-07-30,48.83,16.1
2015-07-31,48.47,15.59
2015-08-03,46.86,15.1
2015-08-04,45.35,15.22
2015-08-05,45.96,15.03
2015-08-06,45.16,14.87
2015-08-07,44.82,14.56
2015-08-10,43.58,14.89
2015-08-11,44.81,14.49
2015-08-12,43.27,14.44
2015-08-13,43.34,14.09
2015-08-14,42.23,13.99
2015-08-17,42.18,13.89
2015-08-18,41.88,14.05
2015-08-19,42.41,13.43
2015-08-20,40.58,13.37
2015-08-21,41.03,13.23
2015-08-24,40.3,12.49
2015-08-25,38.18,12.73
2015-08-26,39.69,12.77
2015-08-27,38.96,13.95
2015-08-28,42.68,14.88
2015-08-31,45,15.89
2015-09-01,48.1,14.81
2015-09-02,44.26,15.09
2015-09-03,46.11,15.34
2015-09-04,46.68,15.08
2015-09-08,45.82,15.02
2015-09-09,45.79,14.51
2015-09-10,44.16,14.93
2015-09-11,45.71,14.65
2015-09-14,44.78,14.39
2015-09-15,44.11,14.57
2015-09-16,45.16,15.36
2015-09-17,47.13,15.23
2015-09-18,46.89,14.62
2015-09-21,44.97,15.05
2015-09-22,46.45,14.92
2015-09-23,46.54,14.44
2015-09-24,44.62,14.59
2015-09-25,45.05,14.72
2015-09-28,45.38,14.38
2015-09-29,44.5,14.61
2015-09-30,44.92,14.68
2015-10-01,45.38,14.58
2015-10-02,45.07,14.77
2015-10-05,45.65,15
2015-10-06,46.2,15.74
2015-10-07,49,15.57
2015-10-08,48.11,16.04
2015-10-09,49.69,15.99
2015-10-12,49.51,15.31
2015-10-13,47.46,15.06
2015-10-14,46.69,15.05
2015-10-15,46.28,15.13
2015-10-16,46.87,15.22
2015-10-19,47.27,14.83
2015-10-20,46.25,14.73
2015-10-21,45.88,14.43
2015-10-22,45.27,14.51
2015-10-23,45.44,14.27
2015-10-26,44.74,14.01
2015-10-27,43.78,13.82
2015-10-28,43.44,14.69
2015-10-29,46.06,14.63
2015-10-30,45.74,14.81
2015-11-02,46.43,14.75
2015-11-03,46.11,15.28
2015-11-04,47.74,14.85
2015-11-05,46.57,14.48
2015-11-06,45.41,14.23
2015-11-09,44.52,14.08
2015-11-10,44.1,14.09
2015-11-11,43.63,13.76
2015-11-12,43.05,13.35
2015-11-13,41.61,13.06
2015-11-16,40.92,13.39
2015-11-17,41.96,13.01
2015-11-18,41.11,13.05
2015-11-19,40.72,12.96
2015-11-20,40.54,12.93
2015-11-23,41.49,13.02
2015-11-24,42.04,13.32
2015-11-25,43.04,13.39
2015-11-27,43.25,13.03
2015-11-30,41.77,12.93
2015-12-01,41.73,12.95
2015-12-02,41.69,12.48
2015-12-03,40.15,12.77
2015-12-04,41.31,12.46
2015-12-07,40.1,11.72
2015-12-08,37.51,11.68
2015-12-09,37.16,11.56
2015-12-10,37.27,11.37
2015-12-11,36.63,11.07
2015-12-14,35.4,11.16
2015-12-15,36.32,11.4
2015-12-16,36.79,10.99
2015-12-17,35.8,10.74
2015-12-18,34.87,10.66
2015-12-21,34.58,10.66
2015-12-22,35.8,10.77
2015-12-23,36.47,11.26
2015-12-24,37.86,11.3
2015-12-28,38,10.93
2015-12-29,37.87,11.26
2015-12-30,37.36,10.93
2015-12-31,36.81,11
2016-01-04,37.6,10.98
2016-01-05,36.9,10.66
2016-01-06,36.18,10.11
2016-01-07,34.09,9.9
2016-01-08,33.3,9.8
2016-01-11,32.94,9.25
2016-01-12,30.44,9.17
2016-01-13,30.48,9.09
2016-01-14,30.6,9.23
2016-01-15,31.18,8.79
2016-01-19,29.2,8.49
2016-01-20,28.33,8.24
2016-01-21,28.35,8.56
2016-01-22,29.84,9.27
2016-01-25,32.05,8.54
2016-01-26,29.81,8.97
2016-01-27,30.55,9.18
2016-01-28,32.19,9.7
2016-01-29,33.7,9.65
2016-02-01,33.83,9.02
2016-02-02,31.37,8.57
2016-02-03,32.28,9.34
2016-02-04,31.72,9.12
2016-02-05,31.64,8.91
2016-02-08,30.97,8.64
2016-02-09,30.17,8.18
2016-02-10,28.36,7.96
2016-02-11,27.34,7.9923
2016-02-12,27.3,8.33
2016-02-16,29.08,8.31
2016-02-17,29.14,8.78
2016-02-18,31.35,8.66
2016-02-19,30.6,8.55
2016-02-22,31.96,8.91
2016-02-23,33.34,8.48
2016-02-24,31.28,8.59
2016-02-25,32.19,8.8
2016-02-26,33.04,8.78
2016-02-29,32.72,9
2016-03-01,33.9,9.15
2016-03-02,33.89,9.3
2016-03-03,34.73,9.25
2016-03-04,34.66,9.65
2016-03-07,36.2,10.11
2016-03-08,37.94,9.65
2016-03-09,36.36,10.15
2016-03-10,38.17,10.04
2016-03-11,37.99,10.19
2016-03-14,38.17,9.88
2016-03-15,37.37,9.7
2016-03-16,36.74,10.18
2016-03-17,38.59,10.55
2016-03-18,40.25,10.48
2016-03-21,41.07,10.59
2016-03-22,41.59,10.54
2016-03-23,41.19,10.11
2016-03-24,39.73,10.06
2016-03-28,39.55,10.01
2016-03-29,39.32,9.8
2016-03-30,38.52,9.73
2016-03-31,38.3,9.7
2016-04-01,38.14,9.3292
2016-04-04,36.61,9.08
2016-04-05,35.5,9.13
2016-04-06,36.52,9.6
2016-04-07,37.76,9.51
2016-04-08,37.52,10.03
2016-04-11,39.72,10.28
2016-04-12,40.35,10.64
2016-04-13,41.63,10.51
2016-04-14,41.54,10.48
2016-04-15,41.43,10.25
2016-04-18,38.75,10.17
2016-04-19,40.04,10.44
2016-04-20,40.8,10.76
2016-04-21,43.97,10.72
2016-04-22,43.42,10.76
2016-04-25,43.75,10.55
2016-04-26,42.96,10.81
2016-04-27,44.64,11.14
2016-04-28,45.3,11.22
2016-04-29,45.9,11.3
2016-05-02,45.9,11.05
2016-05-03,44.92,10.74
2016-05-04,43.85,10.79
2016-05-05,44.04,10.9
2016-05-06,44.52,10.96
2016-05-09,45,10.68
2016-05-10,43.25,10.99
2016-05-12,46,11.45
2016-05-13,46.41,11.37
2016-05-17,47.9,11.92
2016-05-18,48.53,11.7
2016-05-19,47.87,11.79
2016-05-20,48.2,11.75
2016-05-24,48.08,11.82
2016-05-26,49.7,11.95
2016-05-27,49.31,11.98
2016-05-31,49.54,11.87
2016-06-01,48.82,11.93
2016-06-02,48.9,11.86
2016-06-03,49.04,11.82
2016-06-06,48.88,12.04
2016-06-07,49.71,12.22
2016-06-08,50.41,12.43
2016-06-09,51.45,12.25
2016-06-10,50.47,11.87
2016-06-13,48.85,11.76
2016-06-14,48.52,11.73
2016-06-15,47.9,11.47
2016-06-16,47.45,11.14
2016-06-17,45.99,11.66
2016-06-20,48.29,11.91
2016-06-21,49.14,11.89
2016-06-22,50.22,11.74
2016-06-23,49.08,11.98
2016-06-24,50.3,11.4
2016-06-27,47.81,11.19
2016-06-28,46.59,11.47
2016-06-29,48.06,11.79
2016-06-30,49.55,11.57
2016-07-01,48.38,11.78
2016-07-05,49.11,11.18
2016-07-06,46.83,11.33
2016-07-07,47.88,10.82
2016-07-08,45.19,10.83
2016-07-11,45.07,10.65
2016-07-12,44.58,11.19
2016-07-13,46.58,10.75
2016-07-14,45.14,10.87
2016-07-15,45.52,10.99
2016-07-18,46.12,10.82
2016-07-19,45.23,10.7
2016-07-20,44.59,10.73
2016-07-21,45.65,10.49
2016-07-22,44.6,10.42
2016-07-25,44.2,10.13
2016-07-26,43.07,10.08
2016-07-27,42.66,9.9
2016-07-28,41.93,9.67
2016-07-29,41.12,9.76
2016-08-01,41.35,9.41
2016-08-02,40.08,9.33
2016-08-03,39.7,9.69
2016-08-04,41.16,9.84
2016-08-05,41.84,9.86
2016-08-08,41.99,10.1
2016-08-09,42.83,10.07
2016-08-10,42.74,9.77
2016-08-11,41.48,10.21
2016-08-12,43.46,10.5
2016-08-15,44.74,10.76
2016-08-16,45.59,10.92
2016-08-17,46.37,10.99
2016-08-18,46.9,11.3
2016-08-19,48.33,11.34
2016-08-22,48.4,10.97
2016-08-23,47.39,11.0908
2016-08-24,47.59,10.82
2016-08-25,46.8,10.95
2016-08-26,47.37,10.95
2016-08-29,47.22,10.85
2016-08-30,46.98,10.73
2016-08-31,46.24,10.36
2016-09-01,44.85,10.06
2016-09-02,43.55,10.24
2016-09-06,44.15,10.39
2016-09-07,44.85,10.52
2016-09-08,46.12,10.96
2016-09-09,47.36,10.59
2016-09-12,45.57,10.64
2016-09-13,46.06,10.37
2016-09-14,45,10.09
2016-09-15,43.7,10.14
2016-09-16,43.71,10
2016-09-19,43.18,9.98
2016-09-20,43.13,10.07
2016-09-21,44.5,10.4
2016-09-22,45.62,10.53
2016-09-23,46.07,10.19
2016-09-26,44.62,10.43
2016-09-27,45.62,10.15
2016-09-28,44.96,10.65
2016-09-29,47.2,10.87
2016-09-30,47.76,10.93
2016-10-03,48.04,11.1
2016-10-04,48.65,11.09
2016-10-05,49.26,11.35
2016-10-06,49.65,11.51
2016-10-07,50.59,11.33
2016-10-10,49.57,11.67
2016-10-11,51.1,11.58
2016-10-12,50.84,11.43
2016-10-13,50,11.49
2016-10-14,50.58,11.44
2016-10-17,50.23,11.37
2016-10-18,50.04,11.45
2016-10-19,50.77,11.66
2016-10-20,51.4,11.43
2016-10-21,50.66,11.48
2016-10-24,50.85,11.43
2016-10-25,50.49,11.24
2016-10-26,49.31,11.09
2016-10-27,49.22,11.21
2016-10-28,49.61,11.01
2016-10-31,48.25,10.53
2016-11-01,46.77,10.57
2016-11-02,46.32,10.28
2016-11-03,45.48,10.08
2016-11-04,44.63,9.98
2016-11-07,44.45,10.16
2016-11-08,44.97,10.1
2016-11-09,44.82,10.28
2016-11-10,45.31,10.04
2016-11-11,44.35,9.77
2016-11-14,43.2,9.87
2016-11-15,43.76,10.34
2016-11-16,45.77,10.23
2016-11-17,45.37,10.13
2016-11-18,44.93,10.32
2016-11-21,45.83,10.77
2016-11-22,48.37,10.63
2016-11-23,47.94,10.67
2016-11-25,47.97,10.33
2016-11-28,45.43,10.44
2016-11-29,46.88,10.06
2016-11-30,45.24,10.93
2016-12-01,49.07,11.33
2016-12-02,51.01,11.48
2016-12-05,51.46,11.35
2016-12-06,50.97,11.29
2016-12-07,50.93,11.09
2016-12-08,49.88,11.31
2016-12-09,50.92,11.44
2016-12-12,52.58,11.62
2016-12-13,52.51,11.73
2016-12-14,52.45,11.32
2016-12-15,50.79,11.36
2016-12-16,51.1,11.55
2016-12-19,52.15,11.5
2016-12-20,52.11,11.62
2016-12-21,53.56,11.44
2016-12-22,52.52,11.46
2016-12-23,52.68,11.56
2016-12-27,53.29,11.73
2016-12-28,53.93,11.75
2016-12-29,53.66,11.72
2016-12-30,53.87,11.72
2017-01-03,54.2,11.44
2017-01-04,52.49,11.58
2017-01-05,53.39,11.7
2017-01-06,53.73,11.68
2017-01-09,53.75,11.31
2017-01-10,51.83,11.07
2017-01-11,50.81,11.37
2017-01-12,52.37,11.54
2017-01-13,53.05,11.41
2017-01-17,52.55,11.43
2017-01-18,52.52,11.16
2017-01-19,51.39,11.17
2017-01-20,51.45,11.39
2017-01-23,53.33,11.32
2017-01-24,52.86,11.37
2017-01-25,52.95,11.31
2017-01-26,52.96,11.53
2017-01-27,53.74,11.4
2017-01-30,53.15,11.28
2017-01-31,52.6,11.32
2017-02-01,52.76,11.48
2017-02-02,53.57,11.51
2017-02-03,53.68,11.54
2017-02-06,53.81,11.38
2017-02-07,53.14,11.19
2017-02-09,52.37,11.35
2017-02-10,53.15,11.5
2017-02-13,53.8,11.32
2017-02-14,52.91,11.38
2017-02-15,53,11.36
2017-02-16,53.01,11.41
2017-02-17,53.47,11.39
2017-02-21,53.48,11.54
2017-02-22,54.26,11.36
2017-02-23,53.91,11.53
2017-02-24,54.33,11.46
2017-02-27,54.02,11.47
2017-02-28,54.04,11.45
2017-03-01,53.95,11.4
2017-03-02,53.69,11.17
2017-03-03,52.58,11.29
2017-03-06,53.19,11.28
2017-03-07,53.17,11.27
2017-03-08,52.79,10.67
2017-03-09,50.22,10.53
2017-03-10,49.61,10.29
2017-03-13,48.45,10.28
2017-03-14,48.45,10.19
2017-03-15,48.76,10.38
2017-03-16,49.01,10.36
2017-03-17,48.79,10.33
2017-03-20,48.7,10.2755
2017-03-21,47.93,10.11
2017-03-22,48.16,10.12
2017-03-23,48.15,10.01
2017-03-24,47.67,10.09
2017-03-27,48.12,10.04
2017-03-28,47.89,10.15
2017-03-29,48.47,10.37
2017-03-30,49.6,10.57
2017-03-31,50.32,10.64
2017-04-03,50.69,10.55
2017-04-04,50.24,10.71
2017-04-05,51.18,10.68
2017-04-06,50.8,10.86
2017-04-07,51.7,10.96
2017-04-10,52.31,11.14
2017-04-11,53.13,11.17
2017-04-12,53.4,11.11
2017-04-13,52.85,11.13
2017-04-17,52.97,11.06
2017-04-18,52.75,11.04
2017-04-19,52.36,10.62
2017-04-20,50.63,10.54
2017-04-21,50.71,10.32
2017-04-24,49.68,10.25
2017-04-25,49.22,10.36
2017-04-26,49.36,10.26
2017-04-27,49.22,10.24
2017-04-28,49.27,10.24
2017-05-01,49.17,10.15
2017-05-02,48.78,9.92
2017-05-03,48.12,9.93
2017-05-04,47.6,9.46
2017-05-05,45.51,9.66
2017-05-08,46.35,9.67
2017-05-09,46.49,9.57
2017-05-10,46.18,9.86
2017-05-11,47.39,9.94
2017-05-12,47.81,9.95
2017-05-17,48.23,10.19
2017-05-18,48.93,10.26
2017-05-19,49.28,10.48
2017-05-22,50.6,10.54
2017-05-23,51.04,10.64
2017-05-24,51.44,10.6
2017-05-25,51.25,10.04
2017-05-26,48.75,10.28
2017-05-30,49.93,10.24
2017-05-31,49.65,9.96
2017-06-01,48.63,9.91
2017-06-02,48.04,9.86
2017-06-05,47.71,9.8
2017-06-06,47.4,9.97
2017-06-07,47.98,9.46
2017-06-08,45.85,9.43
2017-06-09,45.71,9.49
2017-06-12,45.8,9.52
2017-06-13,46.01,9.6
2017-06-14,45.94,9.23
2017-06-15,44.69,9.18
2017-06-16,44.25,9.24
2017-06-19,44.68,9.12
2017-06-20,44.11,8.95
2017-06-21,43.38,8.71
2017-06-22,42.55,8.78
2017-06-23,42.8,8.86
2017-06-26,43.16,8.93
2017-06-27,43.49,9.1
2017-06-28,43.7,9.2
2017-06-29,44.89,9.21
2017-06-30,44.89,9.5
2017-07-03,46.28,9.62
2017-07-05,47.04,9.25
2017-07-06,45.65,9.31
2017-07-07,45.35,9.1
2017-07-10,44.35,9.13
2017-07-11,44.58,9.27
2017-07-12,45.74,9.33
2017-07-13,45.44,9.47
2017-07-14,46.08,9.59
2017-07-17,46.68,9.45
2017-07-18,45.99,9.54
2017-07-19,46.25,9.69
2017-07-20,47.09,9.61
2017-07-21,46.91,9.34
2017-07-24,45.62,9.5
2017-07-25,46.46,9.81
2017-07-26,48.51,9.96
2017-07-27,48.7,10.06
2017-07-28,49.17,10.17
2017-07-31,49.85,10.28
2017-08-01,50.21,10.09
2017-08-02,48.8,10.14
2017-08-03,49.59,10.02
2017-08-04,48.95,10.13
2017-08-07,49.59,10.1
2017-08-08,49.31,10.06
2017-08-09,49,10.15
2017-08-10,49.68,9.91
2017-08-11,48.52,9.99
2017-08-14,48.79,9.72
2017-08-15,47.49,9.75
2017-08-16,47.72,9.57
2017-08-17,46.8,9.62
2017-08-18,46.93,9.97
2017-08-21,48.72,9.71
2017-08-22,47.45,9.77
2017-08-23,47.64,9.88
2017-08-24,48.36,9.71
2017-08-25,47.62,9.75
2017-08-28,47.89,9.53
2017-08-29,46.86,9.46
2017-08-30,46.31,9.38
2017-08-31,45.95,9.63
2017-09-01,47.08,9.67
2017-09-05,47.28,9.92
2017-09-06,48.59,10.04
2017-09-07,49.14,10.03
2017-09-08,49.09,9.73
2017-09-11,47.58,9.82
2017-09-12,48.12,9.87
2017-09-13,48.34,10.07
2017-09-14,49.31,10.13
2017-09-15,49.72,10.2
2017-09-18,49.85,10.17
2017-09-19,49.91,10.11
2017-09-22,50.73,10.24
2017-09-25,50.68,10.55
2017-09-27,52.09,10.52
2017-09-28,52.05,10.43
2017-09-29,51.58,10.43
2017-10-02,51.64,10.21
2017-10-03,50.59,10.18
2017-10-04,50.16,10.08
2017-10-05,49.88,10.25
2017-10-06,50.75,9.97
2017-10-09,49.25,10
2017-10-10,49.55,10.28
2017-10-11,50.94,10.36
2017-10-12,51,10.23
2017-10-13,50.73,10.37
2017-10-16,51.43,10.46
2017-10-17,51.93,10.49
2017-10-18,51.94,10.48
2017-10-19,52.05,10.35
2017-10-20,51.42,10.43
2017-10-23,52.07,10.42
2017-10-24,51.89,10.54
2017-10-25,52.56,10.48
2017-10-26,52.19,10.57
2017-10-27,52.8,10.84
2017-10-30,54.16,10.87
2017-10-31,54.08,10.93
2017-11-01,54.65,10.9
2017-11-02,54.28,10.99
2017-11-03,54.73,11.18
2017-11-06,55.97,11.51
2017-11-07,57.27,11.49
2017-11-08,56.96,11.41
2017-11-09,56.85,11.46
2017-11-10,57.02,11.42
2017-11-13,56.9,11.38
2017-11-14,56.72,11.13
2017-11-15,55.06,11.09
2017-11-16,55.3,11.07
2017-11-17,55.25,11.35
2017-11-20,56.69,11.28
2017-11-21,56.38,11.4
2017-11-22,57.12,11.6
2017-11-24,58.05,11.79
2017-11-27,58.95,11.59
2017-11-28,57.86,11.58
2017-11-29,57.73,11.47
2017-11-30,57.41,11.47
2017-12-01,57.42,11.67
2017-12-04,58.32,11.49
2017-12-05,57.48,11.54
2017-12-06,57.45,11.2
2017-12-07,56,11.33
2017-12-08,56.65,11.49
2017-12-11,57.25,11.6
2017-12-12,58.02,11.44
2017-12-13,57.45,11.33
2017-12-14,56.7,11.43
2017-12-15,57.15,11.46
2017-12-18,57.37,11.44
2017-12-19,57.3,11.51
2017-12-20,57.66,11.61
2017-12-21,58.02,11.64
2017-12-22,58.21,11.66
2017-12-26,58.4,11.95
2017-12-27,59.79,11.92
2017-12-28,59.53,11.97
2017-12-29,59.91,12.01
2018-01-02,60.2,12.07
2018-01-03,60.39,12.34
2018-01-04,61.96,12.37
2018-01-05,61.9,12.31
2018-01-08,61.61,12.38
2018-01-09,61.92,12.57
2018-01-10,63.41,12.68
2018-01-11,63.5,12.7
2018-01-12,63.57,12.87
2018-01-16,64.43,12.76
2018-01-17,63.89,12.78
2018-01-18,64.07,12.76
2018-01-19,63.74,12.72
2018-01-22,63.61,12.78
2018-01-23,63.88,12.97
2018-01-24,64.42,13.22
2018-01-25,65.88,13.06
2018-01-26,65.25,13.24
2018-01-29,66.18,13.11
2018-01-30,65.53,12.9
2018-01-31,64.03,12.98
2018-02-01,64.76,13.24
2018-02-02,65.99,13.04
2018-02-05,65.1,12.77
2018-02-06,63.43,12.7
2018-02-07,63.92,12.37
2018-02-08,61.7,12.09
2018-02-09,60.43,11.86
2018-02-12,59.12,11.89
2018-02-13,59.35,11.87
2018-02-14,58.98,12.18
2018-02-15,60.71,12.33
2018-02-16,61.45,12.38
2018-02-20,61.63,12.39
2018-02-21,61.63,12.29
2018-02-22,61.34,12.59
2018-02-23,62.6,12.77
2018-02-26,63.6,12.86
2018-02-27,64.06,12.65
2018-02-28,62.79,12.37
2018-03-01,61.55,12.35
2018-03-02,61.34,12.37
2018-03-05,61.55,12.59
2018-03-06,62.58,12.57
2018-03-07,62.3,12.35
2018-03-08,61.33,12.15
2018-03-09,60.27,12.47
2018-03-12,62.1,12.37
2018-03-13,61.37,12.24
2018-03-14,60.87,12.28
2018-03-15,60.95,12.34
2018-03-16,61.19,12.55
2018-03-19,62.23,12.55
2018-03-20,62.1,12.81
2018-03-21,63.72,13.18
2018-03-22,65.5,12.95
2018-03-23,64.28,13.28
2018-03-27,65.53,13.08
2018-03-28,64.7,13.04
2018-03-29,64.69,13.09
2018-04-02,64.91,12.74
2018-04-03,62.89,12.81
2018-04-04,63.59,12.82
2018-04-05,63.6,12.83
2018-04-06,63.7,12.51
2018-04-09,62,12.77
2018-04-10,63.3,13.25
2018-04-11,65.59,13.45
2018-04-12,66.75,13.52
2018-04-13,67.18,13.55
2018-04-16,67.24,13.38
2018-04-17,66.42,13.41
2018-04-18,66.68,13.88
2018-04-19,68.75,13.77
2018-04-20,68.26,13.75
2018-04-23,68.22,13.92
2018-04-24,68.95,13.68
2018-04-25,67.75,13.72
2018-04-27,68.21,13.73
2018-04-30,68.15,13.8
2018-05-01,68.56,13.61
2018-05-02,67.49,13.67
2018-05-03,67.68,13.82
2018-05-04,68.5,14.09
2018-05-07,69.85,14.1
2018-05-08,70.03,14.06
2018-05-09,70.05,14.37
2018-05-10,71.23,14.41
2018-05-11,71.45,14.25
2018-05-14,70.54,14.38
2018-05-15,71.15,14.4
2018-05-16,71.02,14.46
2018-05-17,71.56,14.49
2018-05-18,71.6,14.43
2018-05-21,71.47,14.67
2018-05-22,72.53,14.56
2018-05-23,72.11,14.51
2018-05-24,71.83,14.29
2018-05-25,70.65,13.68
2018-05-31,68.24,13.55
2018-06-01,67.07,13.25
2018-06-04,65.71,13.12
2018-06-05,64.94,13.22
2018-06-06,65.51,13.16
2018-06-07,65.07,13.35
2018-06-08,65.98,13.27
2018-06-11,65.56,13.36
2018-06-12,66.05,13.4
2018-06-13,66.01,13.47
2018-06-14,66.62,13.52
2018-06-15,67,13.05
2018-06-18,64.4,13.29
2018-06-19,65.82,13.14
2018-06-20,65.11,13.28
2018-06-21,65.34,13.31
2018-06-22,65.93,14.02
2018-06-25,68.75,13.77
2018-06-26,68.21,14.27
2018-06-27,70.68,14.65
2018-06-28,72.27,14.86
2018-06-29,73.33,15.06
2018-07-02,73.62,14.96
2018-07-03,74.08,14.92
2018-07-05,74.23,14.78
2018-07-06,73.16,14.96
2018-07-09,73.87,15.03
2018-07-10,74.04,15.07
2018-07-11,74.2,14.31
2018-07-12,70.6,14.39
2018-07-13,70.38,14.47
2018-07-16,70.52,13.94
2018-07-17,68.03,13.95
2018-07-18,67.61,14.1
2018-07-19,69,14.13
2018-07-20,69.39,14.15
2018-07-23,68.17,14.09
2018-07-24,67.8,14.23
2018-07-25,68.77,14.42
2018-07-26,69.38,14.47
2018-07-27,69.58,14.32
2018-07-30,69.01,14.54
2018-07-31,70.05,14.28
2018-08-01,68.43,14.09
2018-08-02,67.86,14.36
2018-08-03,68.99,14.27
2018-08-06,68.65,14.31
2018-08-07,68.9,14.36
2018-08-08,69.09,13.9
2018-08-09,66.79,13.88
2018-08-10,66.74,14.08
2018-08-13,67.78,14.01
2018-08-14,67.42,13.99
2018-08-15,66.62,13.51