Date,SDS,SH,SPY,
2006-07-13,1175.68,140.36,124,
2006-07-14,1184,140.96,123.52,
2006-07-17,1192.8,141.4,123.34,
2006-07-18,1186.4,141,123.97,
2006-07-19,1145.6,138.52,125.69,
2006-07-20,1164.32,139.88,124.83,
2006-07-21,1179.52,140.78,123.95,
2006-07-24,1144,138.48,126.21,
2006-07-25,1129.92,137.78,126.66,
2006-07-26,1126.4,137.57,126.83,
2006-07-27,1141.92,138.4,126.71,
2006-07-28,1116.32,136.82,127.98,
2006-07-31,1117.12,136.84,127.85,
2006-08-01,1128.16,137.74,127.22,
2006-08-02,1115.04,136.9,128.08,
2006-08-03,1111.68,136.6,128.42,
2006-08-04,1113.28,136.88,128.2,
2006-08-07,1120.16,137.28,127.95,
2006-08-08,1130.08,137.88,127.41,
2006-08-09,1141.76,138.36,126.98,
2006-08-10,1132.16,137.9,127.37,
2006-08-11,1137.6,138.38,127.01,
2006-08-14,1136.32,138.1,127.11,
2006-08-15,1102.4,136.54,128.63,
2006-08-16,1089.92,135.5,129.79,
2006-08-17,1085.12,135.12,130.03,
2006-08-18,1077.76,134.8,130.69,
2006-08-21,1083.2,135.22,130.13,
2006-08-22,1084.96,135.22,130.12,
2006-08-23,1092.8,135.92,129.76,
2006-08-24,1091.36,135.6,129.65,
2006-08-25,1090.56,135.64,129.81,
2006-08-28,1080.96,135,130.43,
2006-08-29,1076.96,134.82,130.58,
2006-08-30,1076.32,134.82,130.66,
2006-08-31,1078.56,134.78,130.64,
2006-09-01,1068.16,134.2,131.42,
2006-09-05,1065.12,134.08,131.67,
2006-09-06,1084,135.48,130.51,
2006-09-07,1098.56,136.2,129.91,
2006-09-08,1089.28,135.62,130.28,
2006-09-11,1089.6,135.71,130.41,
2006-09-12,1067.2,134.22,131.69,
2006-09-13,1059.36,133.66,132.22,
2006-09-14,1067.04,134,132.23,
2006-09-15,1061.6,133.76,131.96,
2006-09-18,1056.48,133.56,132.14,
2006-09-19,1059.52,133.82,131.81,
2006-09-20,1055.2,133.16,132.51,
2006-09-21,1059.04,133.84,131.87,
2006-09-22,1068,134.36,131.47,
2006-09-25,1052.16,133.2,132.48,
2006-09-26,1035.2,132.16,133.58,
2006-09-27,1032.48,132.24,133.74,
2006-09-28,1029.44,132.14,133.69,
2006-09-29,1036.8,132.42,133.58,
2006-10-02,1044.8,133.04,133.08,
2006-10-03,1038.88,132.74,133.36,
2006-10-04,1016,131.28,134.92,
2006-10-05,1011.36,130.86,135.18,
2006-10-06,1012.8,131.1,135.01,
2006-10-09,1014.24,131.16,135.09,
2006-10-10,1010.56,131,135.27,
2006-10-11,1015.2,131.33,135.11,
2006-10-12,997.6,130.16,136.28,
2006-10-13,992,129.86,136.63,
2006-10-16,990.08,129.66,136.84,
2006-10-17,996.64,130.14,136.41,
2006-10-18,996.8,130.06,136.59,
2006-10-19,993.76,129.98,136.81,
2006-10-20,994.88,129.84,136.84,
2006-10-23,983.2,129.2,137.47,
2006-10-24,981.6,129.16,137.88,
2006-10-25,976,128.7,138.35,
2006-10-26,967.68,128.1,138.78,
2006-10-27,979.84,129,137.91,
2006-10-30,981.76,129.2,137.81,
2006-10-31,982.56,129.38,137.79,
2006-11-01,997.44,130.3,136.86,
2006-11-02,999.2,130.5,136.78,
2006-11-03,1004.16,130.56,136.54,
2006-11-06,983.2,129.32,138.08,
2006-11-07,977.28,128.92,138.61,
2006-11-08,971.52,128.72,138.91,
2006-11-09,982.4,129.36,138.18,
2006-11-10,979.52,129.16,138.24,
2006-11-13,974.72,128.86,138.58,
2006-11-14,962.24,128.06,139.62,
2006-11-15,956.32,127.66,140.02,
2006-11-16,954.56,127.48,140.38,
2006-11-17,958.4,127.44,140.42,
2006-11-20,954.4,127.56,140.5,
2006-11-21,952.16,127.42,140.64,
2006-11-22,947.84,127.04,140.92,
2006-11-24,957.12,127.6,140.35,
2006-11-27,983.2,129.4,138.42,
2006-11-28,977.6,129,139.02,
2006-11-29,959.2,127.84,140.47,
2006-11-30,956,127.8,140.53,
2006-12-01,961.44,128.26,140.22,
2006-12-04,947.2,127,141.29,
2006-12-05,938.72,126.42,141.9,
2006-12-06,940.48,126.66,141.78,
2006-12-07,948.8,127.18,141.16,
2006-12-08,947.68,127.08,141.42,
2006-12-11,941.44,126.7,141.83,
2006-12-12,944.32,126.84,141.72,
2006-12-13,941.12,126.72,141.87,
2006-12-14,926.72,125.8,143.12,
2006-12-15,924.8,125.54,142.34,
2006-12-18,931.52,126.06,141.95,
2006-12-19,927.36,125.84,142.22,
2006-12-20,918.88,123.78,142.14,
2006-12-21,925.76,124.22,141.62,
2006-12-22,937.76,124.8,140.75,
2006-12-26,928.8,124.38,141.58,
2006-12-27,915.04,123.46,142.51,
2006-12-28,915.2,123.82,142.21,
2006-12-29,930.4,124.6,141.62,
2007-01-03,934.4,124.82,141.37,
2007-01-04,930.88,124.6,141.67,
2007-01-05,944.64,125.36,140.54,
2007-01-08,939.52,125.16,141.19,
2007-01-09,940,125.18,141.07,
2007-01-10,936.5,125.06,141.54,
2007-01-11,924.32,124.26,142.16,
2007-01-12,914.88,123.6,143.24,
2007-01-16,917.12,123.76,142.96,
2007-01-17,917.6,123.94,143.02,
2007-01-18,923.68,124.4,142.54,
2007-01-19,919.04,124.16,142.82,
2007-01-22,926.88,124.82,142.38,
2007-01-23,922.4,124.52,142.8,
2007-01-24,908.48,123.5,143.95,
2007-01-25,928.16,124.84,142.26,
2007-01-26,931.84,125.12,142.16,
2007-01-29,933.6,125.28,142.05,
2007-01-30,923.52,124.54,142.79,
2007-01-31,912.64,123.84,143.75,
2007-02-01,902.24,123.06,144.61,
2007-02-02,900.48,122.92,144.81,
2007-02-05,900,122.98,144.85,
2007-02-06,903.04,123.02,144.89,
2007-02-07,896.96,122.86,145.21,
2007-02-08,899.2,122.94,145.02,
2007-02-09,912.8,123.88,143.94,
2007-02-12,916.64,124.32,143.45,
2007-02-13,903.04,123.46,144.66,
2007-02-14,892.8,122.56,145.61,
2007-02-15,891.04,122.46,145.8,
2007-02-16,892.16,122.6,145.73,
2007-02-20,889.12,122.34,146.04,
2007-02-21,891.04,122.48,145.98,
2007-02-22,892.48,122.66,145.87,
2007-02-23,898.72,123.1,145.3,
2007-02-26,901.76,123.34,145.17,
2007-02-27,972,128.14,139.5,
2007-02-28,954.4,127.2,140.93,
2007-03-01,960.8,127.5,140.51,
2007-03-02,986.88,129.14,138.67,
2007-03-05,1006.72,130.3,137.35,
2007-03-06,972.8,128.18,139.7,
2007-03-07,976.64,128.44,139.56,
2007-03-08,964,127.56,140.74,
2007-03-09,959.2,127.54,140.78,
2007-03-12,959.2,127.3,140.99,
2007-03-13,994.72,129.96,138.25,
2007-03-14,980.8,128.6,139.28,
2007-03-15,976.32,128.54,139.47,
2007-03-16,984.32,129.16,138.53,
2007-03-19,962.08,127.68,140.2,
2007-03-20,950.88,126.94,140.97,
2007-03-21,922.24,124.86,143.29,
2007-03-22,918.88,124.68,143.18,
2007-03-23,916.96,124.66,143.39,
2007-03-26,918.88,124.78,143.2,
2007-03-27,920.16,124.58,142.86,
2007-03-28,935.2,125.2,141.82,
2007-03-29,933.92,125.22,141.97,
2007-03-30,933.44,125.52,142,
2007-04-02,931.36,125.2,142.16,
2007-04-03,914.4,123.98,143.69,
2007-04-04,911.36,123.84,143.85,
2007-04-05,906.56,123.4,144.24,
2007-04-09,906.4,123.5,144.44,
2007-04-10,902.88,123.2,144.61,
2007-04-11,911.2,124,144.02,
2007-04-12,903.68,123.32,144.66,
2007-04-13,897.28,122.96,145.32,
2007-04-16,880,121.84,146.7,
2007-04-17,876.32,121.5,147.09,
2007-04-18,873.6,121.42,147.27,
2007-04-19,875.2,121.52,147.23,
2007-04-20,860,120.48,148.62,
2007-04-23,866.56,120.94,148.06,
2007-04-24,866.4,120.98,148.12,
2007-04-25,850.4,119.76,149.48,
2007-04-26,849.12,119.5,149.65,
2007-04-27,847.2,119.98,149.53,
2007-04-30,865.6,121,148.29,
2007-05-01,861.28,120.7,148.67,
2007-05-02,851.2,120.04,149.54,
2007-05-03,840.8,119.5,150.35,
2007-05-04,836.64,119.18,150.92,
2007-05-07,838.24,119.1,150.95,
2007-05-08,838.08,119.18,150.75,
2007-05-09,836,118.78,151.16,
2007-05-10,853.6,120.34,149.58,
2007-05-11,839.2,119.1,150.86,
2007-05-14,843.36,119.66,150.53,
2007-05-15,845.92,119.68,150.57,
2007-05-16,832.32,118.7,151.6,
2007-05-17,835.2,118.84,151.3,
2007-05-18,823.04,118.08,152.62,
2007-05-21,822.4,118.16,152.54,
2007-05-22,825.12,118.2,152.42,
2007-05-23,824,118.36,152.44,
2007-05-24,841.28,119.5,151.06,
2007-05-25,830.4,118.82,151.69,
2007-05-29,828.64,118.66,152.24,
2007-05-30,814.88,117.9,153.48,
2007-05-31,816.32,117.9,153.32,
2007-06-01,811.52,117.36,154.08,
2007-06-04,806.4,117.2,154.1,
2007-06-05,817.76,117.84,153.49,
2007-06-06,836.16,119.22,151.84,
2007-06-07,866.08,121.2,149.1,
2007-06-08,841.6,119.86,151.04,
2007-06-11,842.24,119.72,151.3,
2007-06-12,860.96,120.98,149.65,
2007-06-13,834.08,119.08,151.89,
2007-06-14,824.48,118.72,152.86,
2007-06-15,816.64,117.94,153.07,
2007-06-18,819.04,118.14,152.89,
2007-06-19,815.36,117.86,153.27,
2007-06-20,838.4,119.53,151.14,
2007-06-21,828.32,118.82,151.98,
2007-06-22,845.12,120.08,150.55,
2007-06-25,852.16,120.74,149.83,
2007-06-26,863.84,120.7,148.29,
2007-06-27,840.8,119.14,150.4,
2007-06-28,841.28,119.38,150.38,
2007-06-29,843.52,119.48,150.43,
2007-07-02,827.52,118.44,151.79,
2007-07-03,822.24,117.86,152.34,
2007-07-05,823.2,117.9,152.18,
2007-07-06,814.24,117.57,152.98,
2007-07-09,815.52,117.38,153,
2007-07-10,837.76,119.12,150.92,
2007-07-11,827.2,118.36,151.99,
2007-07-12,799.2,116.6,154.39,
2007-07-13,794.88,116.02,154.85,
2007-07-16,796.8,116.24,154.83,
2007-07-17,797.44,116.14,154.75,
2007-07-18,800.64,116.48,154.47,
2007-07-19,796.16,116.38,155.07,
2007-07-20,813.28,117.6,153.5,
2007-07-23,807.84,117.02,153.97,
2007-07-24,834.4,119.3,151.3,
2007-07-25,831.2,118.9,151.61,
2007-07-26,869.6,122,148.02,
2007-07-27,909.92,124.38,145.11,
2007-07-30,880.16,122.5,147.38,
2007-07-31,903.2,124.14,145.72,
2007-08-01,892.48,123.26,146.43,
2007-08-02,880.16,122.28,147.6,
2007-08-03,928.8,125.68,143.8,
2007-08-06,894.4,123.6,146.21,
2007-08-07,875.52,122.5,147.77,
2007-08-08,851.52,120.4,149.83,
2007-08-09,901.6,123.98,145.39,
2007-08-10,908.8,124.86,144.71,
2007-08-13,906.72,124.2,145.23,
2007-08-14,932.16,126.1,143.01,
2007-08-15,957.12,128.04,141.04,
2007-08-16,947.2,127.6,142.1,
2007-08-17,910.4,124.9,144.71,
2007-08-20,911.36,124.79,144.64,
2007-08-21,910.08,124.96,144.93,
2007-08-22,887.04,123.46,146.65,
2007-08-23,890.88,123.58,146.52,
2007-08-24,870.24,121.96,148.33,
2007-08-27,887.2,123,146.95,
2007-08-28,922.4,125.8,143.72,
2007-08-29,888.96,123.24,146.54,
2007-08-30,892.16,123.68,146.15,
2007-08-31,878.08,122.7,147.59,
2007-09-04,859.04,121.3,149.08,
2007-09-05,875.84,122.7,147.79,
2007-09-06,870.4,122.46,148.13,
2007-09-07,893.6,124.04,146.07,
2007-09-10,900,124.58,145.79,
2007-09-11,877.6,123,147.49,
2007-09-12,872,122.92,147.87,
2007-09-13,864.64,121.91,148.91,
2007-09-14,862.4,121.86,148.9,
2007-09-17,873.12,122.58,148.1,
2007-09-18,823.2,119.06,152.46,
2007-09-19,811.84,118.31,153.36,
2007-09-20,824.96,119,152.28,
2007-09-21,820.96,118.56,151.97,
2007-09-24,826.4,119.3,151.69,
2007-09-25,819.68,117.7,151.39,
2007-09-26,814.4,117.14,152.19,
2007-09-27,803.68,116.6,153.09,
2007-09-28,810.72,116.98,152.58,
2007-10-01,791.84,115.6,154.3,
2007-10-02,791.68,115.64,154.09,
2007-10-03,797.44,116.2,153.78,
2007-10-04,795.04,116.02,154.02,
2007-10-05,774.4,114.94,155.85,
2007-10-08,784.8,115.32,155.02,
2007-10-09,771.04,114.32,156.48,
2007-10-10,775.2,114.8,156.22,
2007-10-11,782.4,115.2,155.47,
2007-10-12,774.24,114.66,156.33,
2007-10-15,790.4,115.9,155.01,
2007-10-16,798.4,116.6,153.78,
2007-10-17,794.88,116.3,154.25,
2007-10-18,801.12,116.42,153.69,
2007-10-19,842.72,119.52,149.67,
2007-10-22,834.08,119.24,150.54,
2007-10-23,822.08,118,151.76,
2007-10-24,825.6,118.36,151.48,
2007-10-25,820.32,118.5,151.84,
2007-10-26,804,117.14,153.62,
2007-10-29,799.04,116.54,154.13,
2007-10-30,811.04,117.28,153.06,
2007-10-31,792.8,115.98,154.65,
2007-11-01,830.08,119.66,151.03,
2007-11-02,828,119.04,151.2,
2007-11-05,843.52,119.64,150.05,
2007-11-06,822.24,118.44,152.07,
2007-11-07,865.44,121.18,147.91,
2007-11-08,871.2,121.62,147.16,
2007-11-09,897.12,123.7,145.14,
2007-11-12,916.32,125.1,143.7,
2007-11-13,862.4,121.56,148.08,
2007-11-14,869.6,121.98,147.67,
2007-11-15,889.6,123.6,145.54,
2007-11-16,887.36,122.8,145.79,
2007-11-19,916.8,125.22,143.76,
2007-11-20,906.24,124.6,144.64,
2007-11-21,940,127.4,141.68,
2007-11-23,911.84,125,144.13,
2007-11-26,955.2,127.6,140.95,
2007-11-27,928,125.78,142.57,
2007-11-28,868.96,122.34,147.13,
2007-11-29,871.68,122.1,147.18,
2007-11-30,854.08,121.12,148.66,
2007-12-03,865.92,121.88,147.68,
2007-12-04,881.6,122.8,146.36,
2007-12-05,852,120.82,148.81,
2007-12-06,829.76,119.24,150.94,
2007-12-07,828.16,119.7,150.91,
2007-12-10,814.4,118.6,152.08,
2007-12-11,859.84,121.2,147.91,
2007-12-12,844,120.8,149.37,
2007-12-13,846.72,120.56,149.06,
2007-12-14,871.68,122.4,147.17,
2007-12-17,897.28,124.28,145.07,
2007-12-18,887.04,123.46,145.88,
2007-12-19,890.4,123.68,145.88,
2007-12-20,866.72,121.5,146.8,
2007-12-21,841.76,119.76,148.13,
2007-12-24,827.68,119.54,149.23,
2007-12-26,826.72,118.94,149.55,
2007-12-27,848.64,119.96,147.67,
2007-12-28,851.68,120.6,147.3,
2007-12-31,866.88,121.54,146.21,
2008-01-02,881.92,123,144.93,
2008-01-03,883.52,123.26,144.86,
2008-01-04,925.6,126.14,141.31,
2008-01-07,931.2,125.92,141.19,
2008-01-08,959.68,128.14,138.91,
2008-01-09,942.4,126.4,140.37,
2008-01-10,924.96,125.7,141.29,
2008-01-11,940,127.4,140.15,
2008-01-14,927.52,126,141.28,
2008-01-15,968,129.02,138.17,
2008-01-16,983.84,129.92,136.98,
2008-01-17,1037.6,133.4,133.43,
2008-01-18,1059.36,134.7,132.06,
2008-01-22,1084.8,136.9,130.72,
2008-01-23,1029.76,133.36,133.86,
2008-01-24,1011.2,132.44,134.99,
2008-01-25,1042.08,133,133.04,
2008-01-28,1009.12,132.3,135.24,
2008-01-29,995.2,131.5,135.91,
2008-01-30,1017.92,132.8,134.91,
2008-01-31,984,130.5,137.37,
2008-02-01,945.6,128.16,139.58,
2008-02-04,968.8,129.6,137.82,
2008-02-05,1020.8,132.76,134.13,
2008-02-06,1039.52,134.48,133.05,
2008-02-07,1027.52,133.16,133.93,
2008-02-08,1036.32,134.02,133.07,
2008-02-11,1024,133,133.75,
2008-02-12,1008.32,132.36,134.99,
2008-02-13,991.84,130.44,136.37,
2008-02-14,1001.6,131.6,135.17,
2008-02-15,1008.32,132.04,135.14,
2008-02-19,1004.48,131.8,135.52,
2008-02-20,993.28,131.16,135.92,
2008-02-21,1013.28,132.6,134.79,
2008-02-22,995.2,131.2,135.62,
2008-02-25,977.44,129.6,137.33,
2008-02-26,960.16,129.1,138.36,
2008-02-27,961.76,129.22,138.22,
2008-02-28,984.64,130.5,136.87,
2008-02-29,1031.52,133.2,133.82,
2008-03-03,1030.56,133.94,133.5,
2008-03-04,1040.96,133.8,132.99,
2008-03-05,1027.68,133.8,133.83,
2008-03-06,1073.92,136,131.06,
2008-03-07,1091.52,137.84,129.71,
2008-03-10,1124.32,139.76,128,
2008-03-11,1043.2,134.22,132.6,
2008-03-12,1059.04,135.72,131.36,
2008-03-13,1054.72,135.2,131.65,
2008-03-14,1088.96,138.26,129.61,
2008-03-17,1113.28,139.16,128.3,
2008-03-18,1021.28,133.28,133.63,
2008-03-19,1071.84,137,130.32,
2008-03-20,1030.24,134.2,132.08,
2008-03-24,990.24,131.38,134.72,
2008-03-25,982.72,131,134.85,
2008-03-26,1005.76,132.8,133.2,
2008-03-27,1014.56,133.3,132.78,
2008-03-28,1031.68,134,131.51,
2008-03-31,1031.52,133.9,131.97,
2008-04-01,957.28,128.84,136.61,
2008-04-02,953.12,129,136.7,
2008-04-03,952.64,128.56,137.04,
2008-04-04,952,128.64,136.89,
2008-04-07,948.96,128.66,136.96,
2008-04-08,953.6,129.12,136.82,
2008-04-09,968.96,130.12,135.83,
2008-04-10,968.16,129.76,136.02,
2008-04-11,1000.32,132.12,133.38,
2008-04-14,1009.28,132.78,132.93,
2008-04-15,1004.64,132.32,133.24,
2008-04-16,950.08,128.84,136.85,
2008-04-17,950.08,128.44,137.05,
2008-04-18,929.44,127.06,138.48,
2008-04-21,926.08,127.1,138.55,
2008-04-22,936.16,127.62,137.94,
2008-04-23,940.48,127.92,137.72,
2008-04-24,926.88,127.36,138.32,
2008-04-25,913.44,126.2,139.6,
2008-04-28,913.12,126.38,139.63,
2008-04-29,921.44,126.72,139.08,
2008-04-30,928.64,127.2,138.26,
2008-05-01,894.56,124.92,141.12,
2008-05-02,888.32,124.66,141.51,
2008-05-05,900.96,125.06,140.83,
2008-05-06,881.76,124.12,142.05,
2008-05-07,915.84,126.68,139.52,
2008-05-08,916.8,126.48,139.16,
2008-05-09,921.76,126.9,138.9,
2008-05-12,902.56,125.38,140.46,
2008-05-13,902.08,125.5,140.48,
2008-05-14,897.92,125.08,140.77,
2008-05-15,877.44,123.7,142.53,
2008-05-16,874.72,123.82,142.66,
2008-05-19,870.4,123.26,143.05,
2008-05-20,884.16,124.3,141.89,
2008-05-21,915.68,126.5,139.49,
2008-05-22,914.24,126.8,139.51,
2008-05-23,942.4,128.18,137.64,
2008-05-27,924.64,127.14,138.66,
2008-05-28,917.6,126.76,139.3,
2008-05-29,907.84,126.03,140,
2008-05-30,904.48,126.04,140.35,
2008-06-02,923.84,127.26,138.9,
2008-06-03,934.88,127.94,138.09,
2008-06-04,934.4,128,138.02,
2008-06-05,897.44,125.4,140.78,
2008-06-06,956.8,129.58,136.29,
2008-06-09,949.76,129.16,136.62,
2008-06-10,959.36,129.66,135.94,
2008-06-11,989.92,131.64,133.94,
2008-06-12,980.64,131.48,134.45,
2008-06-13,960.16,129.4,136.15,
2008-06-16,957.6,129.44,136.23,
2008-06-17,964.96,130.22,135.57,
2008-06-18,987.84,131.6,134.25,
2008-06-19,983.36,131.25,134.42,
2008-06-20,1013.92,133.52,131.58,
2008-06-23,1017.6,133.54,131.45,
2008-06-24,1019.36,133.52,131.19,
2008-06-25,1008,132.76,131.81,
2008-06-26,1064,136.68,128.23,
2008-06-27,1072.32,137.02,127.53,
2008-06-30,1066.72,137.06,127.98,
2008-07-01,1060.96,136.6,128.38,
2008-07-02,1099.84,138.74,126.18,
2008-07-03,1097.76,139.08,126.31,
2008-07-07,1121.92,140.4,125.02,
2008-07-08,1080.16,137.8,127.24,
2008-07-09,1125.28,140.64,124.79,
2008-07-10,1114.56,139.72,125.3,
2008-07-11,1140.96,141.58,123.84,
2008-07-14,1161.44,142.74,122.72,
2008-07-15,1190.24,144.32,120.99,
2008-07-16,1136.32,141,123.96,
2008-07-17,1111.04,139.92,125.2,
2008-07-18,1097.6,139.04,125.98,
2008-07-21,1099.2,138.98,126.05,
2008-07-22,1074.4,137.16,127.48,
2008-07-23,1063.04,136.54,128.17,
2008-07-24,1109.76,139.66,125.51,
2008-07-25,1106.4,139.7,125.48,
2008-07-28,1139.2,141.76,123.64,
2008-07-29,1089.76,138.46,126.28,
2008-07-30,1051.36,136.24,128.53,
2008-07-31,1079.52,138.12,126.83,
2008-08-01,1091.2,138.56,126.16,
2008-08-04,1112,140.02,124.99,
2008-08-05,1051.04,136.2,128.36,
2008-08-06,1044,135.76,128.93,
2008-08-07,1075.84,137.7,127.01,
2008-08-08,1032,134.88,129.37,
2008-08-11,1012.48,133.9,130.71,
2008-08-12,1032.8,135,129.35,
2008-08-13,1045.92,135.6,128.57,
2008-08-14,1031.84,134.28,129.54,
2008-08-15,1020.8,134.22,130.17,
2008-08-18,1050.08,136.4,128.39,
2008-08-19,1072.64,137.4,126.99,
2008-08-20,1063.52,136.9,127.58,
2008-08-21,1060.32,136.66,127.8,
2008-08-22,1032.32,135.4,129.65,
2008-08-25,1072.32,137.84,127.02,
2008-08-26,1065.28,137.24,127.39,
2008-08-27,1047.04,136.34,128.63,
2008-08-28,1021.92,134.38,130.19,
2008-08-29,1041.76,136,128.79,
2008-09-02,1055.2,136.68,127.99,
2008-09-03,1057.76,136.76,127.88,
2008-09-04,1119.36,141,124.03,
2008-09-05,1114.56,140.56,124.42,
2008-09-08,1066.56,137.52,126.99,
2008-09-09,1133.44,141.88,123.22,
2008-09-10,1120.64,141.24,123.72,
2008-09-11,1088.48,139.3,125.51,
2008-09-12,1078.56,138.24,126.09,
2008-09-15,1184.16,144.9,120.09,
2008-09-16,1145.12,142.7,122.1,
2008-09-17,1245.12,149.4,116.61,
2008-09-18,1160,144.4,120.07,
2008-09-19,1072.48,138.04,124.12,
2008-09-22,1123.2,142.4,121.31,
2008-09-23,1175.68,145.2,118.55,
2008-09-24,1105.6,144.16,118.93,
2008-09-25,1069.28,141.28,120.79,
2008-09-26,1067.36,141.3,120.85,
2008-09-29,1224,153,111.38,
2008-09-30,1124.8,146.2,115.99,
2008-10-01,1116.32,146.8,116.06,
2008-10-02,1202.08,150.6,111.85,
2008-10-03,1233.76,154,110.34,
2008-10-06,1349.44,160.4,104.72,
2008-10-07,1476.96,169.2,100.03,
2008-10-08,1555.36,171.98,97.51,
2008-10-09,1760,183.4,90.7,
2008-10-10,1774.08,184,88.5,
2008-10-13,1376,164.1,101.35,
2008-10-14,1403.36,165.8,99.85,
2008-10-15,1656.96,181.4,90.02,
2008-10-16,1522.4,174,93.77,
2008-10-17,1542.4,174.6,93.21,
2008-10-20,1395.2,166,98.81,
2008-10-21,1473.28,171.6,95.86,
2008-10-22,1640,182.2,90.64,
2008-10-23,1609.6,179,91.69,
2008-10-24,1728.8,186.8,87.04,
2008-10-27,1828.96,192.4,83.95,
2008-10-28,1443.2,171.2,93.76,
2008-10-29,1497.6,172.9,93.08,
2008-10-30,1395.2,168.38,96.3,
2008-10-31,1347.04,166.2,96.83,
2008-11-03,1360,166.3,97.11,
2008-11-04,1261.6,159.4,100.41,
2008-11-05,1371.84,168,96.19,
2008-11-06,1513.6,176,90.86,
2008-11-07,1438.24,171.16,93.86,
2008-11-10,1456.96,173.2,92.63,
2008-11-11,1529.44,177.2,89.77,
2008-11-12,1679.04,186.18,85.82,
2008-11-13,1452.64,172.6,91.17,
2008-11-14,1576,180.48,86.62,
2008-11-17,1652.64,185.2,85.47,
2008-11-18,1624.8,183.54,87.08,
2008-11-19,1807.04,194.14,81.5,
2008-11-20,2047.52,207.26,75.45,
2008-11-21,1807.04,194.16,79.52,
2008-11-24,1601.6,183.98,85.03,
2008-11-25,1548.32,180.6,85.66,
2008-11-26,1441.12,174.42,88.97,
2008-11-28,1411.36,172.52,90.09,
2008-12-01,1654.4,188.32,82.11,
2008-12-02,1527.2,180.4,85.27,
2008-12-03,1449.12,174.98,87.32,
2008-12-04,1532.8,180.46,85.3,
2008-12-05,1425.28,174.12,87.93,
2008-12-08,1320.48,167.92,91,
2008-12-09,1366.4,171.1,89.5,
2008-12-10,1340.74,169.38,90.11,
2008-12-11,1406.56,173.66,87.94,
2008-12-12,1393.76,172.62,88.99,
2008-12-15,1421.44,174.64,87.75,
2008-12-16,1283.84,165.95,91.88,
2008-12-17,1306.4,167.44,90.99,
2008-12-18,1354.4,170.94,89.29,
2008-12-19,1366.4,171.16,88.19,
2008-12-22,1399.04,173.42,87.06,
2008-12-23,1238.88,151.2,86.16,
2008-12-24,1229.28,150.38,86.66,
2008-12-26,1217.76,149.56,87.16,
2008-12-29,1218.08,150.22,86.91,
2008-12-30,1163.36,146.76,88.97,
2008-12-31,1135.04,144.04,90.24,
2009-01-02,1065.12,139.92,92.96,
2009-01-05,1064.16,140.16,92.85,
2009-01-06,1051.2,139.2,93.47,
2009-01-07,1112.8,143.33,90.67,
2009-01-08,1105.12,142.84,91.04,
2009-01-09,1151.2,145.92,89.09,
2009-01-12,1205.6,149.38,86.95,
2009-01-13,1204.48,149.12,87.11,
2009-01-14,1277.33,154.16,84.37,
2009-01-15,1275.68,153.1,84.4,
2009-01-16,1259.84,152.44,85.06,
2009-01-20,1390.08,160.58,80.57,
2009-01-21,1270.88,153.37,84.05,
2009-01-22,1305.76,155.56,82.75,
2009-01-23,1297.81,155.16,83.11,
2009-01-26,1283.36,154.12,83.68,
2009-01-27,1256,152.46,84.53,
2009-01-28,1169.28,147.5,87.39,
2009-01-29,1240.48,152.06,84.55,
2009-01-30,1296.7,155.3,82.83,
2009-02-02,1302.88,155.88,82.58,
2009-02-03,1263.58,153.56,83.74,
2009-02-04,1274.72,154.34,83.33,
2009-02-05,1238.02,152.04,84.57,
2009-02-06,1171.39,147.68,86.98,
2009-02-09,1165.76,147.34,87.1,
2009-02-10,1273.28,154.24,83.11,
2009-02-11,1256.32,153.18,83.6,
2009-02-12,1254.56,153.14,83.66,
2009-02-13,1279.84,154.64,82.76,
2009-02-17,1390.08,161.5,79.22,
2009-02-18,1400,161.68,79.03,
2009-02-19,1424.48,163.38,78.18,
2009-02-20,1456.18,165.16,77.42,
2009-02-23,1556.32,170.92,74.65,
2009-02-24,1438.88,164.34,77.48,
2009-02-25,1463.04,165.9,76.87,
2009-02-26,1510.4,168.42,75.62,
2009-02-27,1579.52,171.9,73.93,
2009-03-02,1718.72,180.02,70.6,
2009-03-03,1749.76,181.44,70.07,
2009-03-04,1665.71,176.94,71.73,
2009-03-05,1803.36,184,68.8,
2009-03-06,1795.62,184.2,68.92,
2009-03-09,1841.44,186.28,68.11,
2009-03-10,1616,174.88,72.17,
2009-03-11,1596.32,173.9,72.64,
2009-03-12,1467.02,166.88,75.5,
2009-03-13,1444,165.46,76.09,
2009-03-16,1450.24,165.8,75.86,
2009-03-17,1362.24,160.9,78.18,
2009-03-18,1301.44,157.46,79.93,
2009-03-19,1332.96,159.5,78.94,
2009-03-20,1391.68,162.8,76.71,
2009-03-23,1192.48,150.9,82.22,
2009-03-24,1238.24,154,80.6,
2009-03-25,1215.04,152.64,81.45,
2009-03-26,1164.48,149.2,83.11,
2009-03-27,1202.72,151.94,81.61,
2009-03-30,1288.48,157.36,78.79,
2009-03-31,1268.8,156.5,79.52,
2009-04-01,1215.04,152.88,81.06,
2009-04-02,1144.96,148.38,83.43,
2009-04-03,1121.6,146.76,84.26,
2009-04-06,1138.08,147.86,83.6,
2009-04-07,1190.4,151.38,81.65,
2009-04-08,1165.68,149.64,82.53,
2009-04-09,1074.08,143.8,85.81,
2009-04-13,1072.19,143.78,85.83,
2009-04-14,1110.08,146.28,84.35,
2009-04-15,1085.86,144.7,85.25,
2009-04-16,1053.81,142.48,86.5,
2009-04-17,1040.16,141.64,87.08,
2009-04-20,1126.42,147.3,83.43,
2009-04-21,1084.16,144.58,85.06,
2009-04-22,1096.1,145.5,84.54,
2009-04-23,1074.98,144.16,85.37,
2009-04-24,1041.6,141.9,86.66,
2009-04-27,1059.2,143.16,85.84,
2009-04-28,1066.08,143.48,85.57,
2009-04-29,1021.28,140.58,87.39,
2009-04-30,1018.88,140.48,87.42,
2009-05-01,1010.24,139.64,87.89,
2009-05-04,940.96,134.8,90.88,
2009-05-05,946.56,135.32,90.57,
2009-05-06,915.33,133.02,92.14,
2009-05-07,940,134.76,90.86,
2009-05-08,896.48,131.56,92.98,
2009-05-11,928.8,134.18,91.24,
2009-05-12,933.5,134.38,90.97,
2009-05-13,978.08,137.76,88.68,
2009-05-14,966.4,137.06,89.44,
2009-05-15,981.92,137.98,88.71,
2009-05-18,925.44,133.84,91.23,
2009-05-19,927.2,134.04,91.12,
2009-05-20,937.44,135.04,90.51,
2009-05-21,965.12,136.88,89.21,
2009-05-22,968.7,137.1,89.02,
2009-05-26,919.2,133.72,91.3,
2009-05-27,951.84,136.16,89.67,
2009-05-28,925.6,134.12,90.92,
2009-05-29,888,131.64,92.53,
2009-06-01,849.66,128.62,94.77,
2009-06-02,848,128.42,94.85,
2009-06-03,869.44,129.9,93.65,
2009-06-04,853.28,128.82,94.53,
2009-06-05,852.64,128.74,94.55,
2009-06-08,856.48,129.36,94.16,
2009-06-09,851.84,128.68,94.64,
2009-06-10,856.32,129.14,94.4,
2009-06-11,846.24,128.4,94.82,
2009-06-12,842.08,127.96,95.08,
2009-06-15,881.62,131.18,92.9,
2009-06-16,905.12,132.82,91.64,
2009-06-17,907.17,132.8,91.55,
2009-06-18,897.12,131.94,92.22,
2009-06-19,889.6,132.02,92.04,
2009-06-22,939.68,135.56,89.28,
2009-06-23,939.2,135.24,89.35,
2009-06-24,924.13,134.04,90.12,
2009-06-25,884.62,131.28,92.08,
2009-06-26,888.56,131.62,91.84,
2009-06-29,870.56,130.32,92.7,
2009-06-30,885.28,131.42,91.95,
2009-07-01,877.6,130.84,92.33,
2009-07-02,925.44,134.42,89.81,
2009-07-06,923.39,134.16,89.8,
2009-07-07,960,136.92,88.06,
2009-07-08,962.56,137.08,88,
2009-07-09,958.72,136.76,88.17,
2009-07-10,964,137.12,87.96,
2009-07-13,916.8,133.8,90.1,
2009-07-14,905.12,132.94,90.61,
2009-07-15,851.65,129.04,93.26,
2009-07-16,836.32,127.76,94.15,
2009-07-17,836,127.74,94.13,
2009-07-20,819.84,126.44,95.13,
2009-07-21,811.36,125.84,95.57,
2009-07-22,811.2,126.04,95.55,
2009-07-23,774.88,123.14,97.66,
2009-07-24,768.93,122.52,98.06,
2009-07-27,762.88,122.16,98.35,
2009-07-28,768.16,122.52,97.89,
2009-07-29,774.72,123.02,97.65,
2009-07-30,758.56,121.74,98.67,
2009-07-31,756.18,121.58,98.81,
2009-08-03,732.46,119.6,100.44,
2009-08-04,728,119.22,100.7,
2009-08-05,731.84,119.58,100.41,
2009-08-06,739.36,120.22,99.89,
2009-08-07,720.8,118.66,101.2,
2009-08-10,722.72,118.9,100.99,
2009-08-11,741.98,120.46,99.73,
2009-08-12,725.44,119.1,100.8,
2009-08-13,713.92,118.14,101.57,
2009-08-14,725.6,119.04,100.79,
2009-08-17,760.8,122.12,98.31,
2009-08-18,747.2,120.92,99.09,
2009-08-19,734.4,119.96,99.96,
2009-08-20,719.68,118.66,100.99,
2009-08-21,692.48,116.48,102.97,
2009-08-24,692.16,116.36,102.96,
2009-08-25,688.8,116.18,103.16,
2009-08-26,689.44,116.14,103.17,
2009-08-27,684.8,115.82,103.4,
2009-08-28,686.72,116,103.38,
2009-08-31,698.24,116.92,102.46,
2009-09-01,729.62,119.66,100.2,
2009-09-02,735.36,120,99.82,
2009-09-03,723.52,119.08,100.65,
2009-09-04,702.5,117.34,102.06,
2009-09-08,690.08,116.28,102.94,
2009-09-09,679.2,115.3,103.73,
2009-09-10,665.6,114.12,104.79,
2009-09-11,665.94,114.16,104.77,
2009-09-14,658.38,113.58,105.28,
2009-09-15,653.6,113.1,105.72,
2009-09-16,633.6,111.36,107.32,
2009-09-17,635.52,111.54,107.16,
2009-09-18,634.72,111.46,106.72,
2009-09-21,637.76,111.78,106.45,
2009-09-22,630.4,111.1,107.07,
2009-09-23,641.9,112,106.18,
2009-09-24,655.04,113.32,105.01,
2009-09-25,660.96,113.86,104.45,
2009-09-28,638.4,111.92,106.32,
2009-09-29,641.92,112.18,106,
2009-09-30,646.24,112.54,105.59,
2009-10-01,678.88,115.48,103,
2009-10-02,684.64,116,102.49,
2009-10-05,664.8,114.26,104.02,
2009-10-06,645.12,112.56,105.51,
2009-10-07,642.08,112.2,105.8,
2009-10-08,632.16,111.42,106.61,
2009-10-09,624.51,110.72,107.26,
2009-10-12,618.72,110.16,107.68,
2009-10-13,621.76,110.4,107.46,
2009-10-14,600.16,108.5,109.31,
2009-10-15,596.32,108.22,109.71,
2009-10-16,604.8,108.88,108.89,
2009-10-19,594.24,107.98,109.79,
2009-10-20,600.64,108.58,109.21,
2009-10-21,612.16,109.62,108.23,
2009-10-22,599.04,108.52,109.33,
2009-10-23,612.48,109.68,108.08,
2009-10-26,626.56,111,106.91,
2009-10-27,632,111.44,106.42,
2009-10-28,655.36,113.54,104.41,
2009-10-29,627.84,111.18,106.65,
2009-10-30,662.56,114.22,103.56,
2009-11-02,654.4,113.46,104.32,
2009-11-03,650.08,113.04,104.65,
2009-11-04,647.36,112.9,104.92,
2009-11-05,623.04,110.7,106.85,
2009-11-06,619.52,110.38,107.13,
2009-11-09,591.52,107.8,109.57,
2009-11-10,590.88,107.82,109.59,
2009-11-11,584.8,107.26,110.15,
2009-11-12,596.32,108.42,109.03,
2009-11-13,590.24,107.82,109.62,
2009-11-16,573.12,106.2,111.21,
2009-11-17,571.52,106.08,111.34,
2009-11-18,572,106.12,111.27,
2009-11-19,587.68,107.52,109.82,
2009-11-20,590.56,107.88,109.43,
2009-11-23,575.2,106.42,110.82,
2009-11-24,575.34,106.4,110.99,
2009-11-25,570.4,106.02,111.38,
2009-11-27,588.96,107.74,109.57,
2009-11-30,584.8,107.34,109.94,
2009-12-01,570.69,106.06,111.3,
2009-12-02,570.4,105.96,111.25,
2009-12-03,579.68,106.86,110.38,
2009-12-04,573.12,106.26,111.01,
2009-12-07,575.2,106.48,110.84,
2009-12-08,587.2,107.6,109.61,
2009-12-09,583.06,107.18,110.02,
2009-12-10,576.8,106.58,110.64,
2009-12-11,571.2,106.06,111.11,
2009-12-14,563.68,105.38,111.87,
2009-12-15,569.14,105.9,111.35,
2009-12-16,567.2,105.76,111.52,
2009-12-17,581.28,106.98,110.18,
2009-12-18,574.05,106.36,110.21,
2009-12-21,563.04,105.26,111.33,
2009-12-22,558.4,104.94,111.73,
2009-12-23,556.16,104.66,111.95,
2009-12-24,549.92,104.08,112.48,
2009-12-28,548.64,103.92,112.72,
2009-12-29,549.76,104.04,112.56,
2009-12-30,550.72,104.14,112.52,
2009-12-31,560.8,105.12,111.44,
2010-01-04,542.56,103.4,113.33,
2010-01-05,539.2,103.06,113.63,
2010-01-06,538.24,103.08,113.71,
2010-01-07,533.78,102.56,114.19,
2010-01-08,530.24,102.24,114.57,
2010-01-11,528.48,102.12,114.73,
2010-01-12,538.4,103.06,113.66,
2010-01-13,529.28,102.18,114.62,
2010-01-14,526.72,101.9,114.93,
2010-01-15,538.24,103.02,113.64,
2010-01-19,525.44,101.76,115.06,
2010-01-20,535.68,102.78,113.89,
2010-01-21,556.16,104.76,111.7,
2010-01-22,580.67,107.02,109.21,
2010-01-25,575.2,106.54,109.77,
2010-01-26,580.32,107,109.31,
2010-01-27,574.24,106.48,109.83,
2010-01-28,587.68,107.68,108.57,
2010-01-29,600.64,108.86,107.39,
2010-02-01,582.42,107.2,109.06,
2010-02-02,567.68,105.86,110.38,
2010-02-03,573.12,106.36,109.83,
2010-02-04,608.48,109.62,106.44,
2010-02-05,605.28,109.34,106.66,
2010-02-08,615.33,110.24,105.89,
2010-02-09,599.36,108.84,107.22,
2010-02-10,601.76,109.02,107.01,
2010-02-11,588.96,107.92,108.13,
2010-02-12,590.24,108.02,108.04,
2010-02-16,571.36,106.28,109.74,
2010-02-17,565.92,105.78,110.26,
2010-02-18,558.72,105.12,110.91,
2010-02-19,556,104.86,111.14,
2010-02-22,556.32,104.86,111.16,
2010-02-23,569.76,106.14,109.81,
2010-02-24,559.52,105.18,110.82,
2010-02-25,560.53,105.32,110.67,
2010-02-26,560,105.3,110.74,
2010-03-01,548.48,104.16,111.89,
2010-03-02,545.28,103.88,112.2,
2010-03-03,543.52,103.76,112.3,
2010-03-04,541.12,103.4,112.64,
2010-03-05,525.28,101.88,114.25,
2010-03-08,524.99,101.88,114.27,
2010-03-09,523.2,101.7,114.46,
2010-03-10,518.72,101.24,114.97,
2010-03-11,514.22,100.88,115.45,
2010-03-12,514.56,100.84,115.46,
2010-03-15,514.4,100.82,115.49,
2010-03-16,505.92,99.96,116.41,
2010-03-17,499.52,99.36,117.1,
2010-03-18,500.32,99.44,117.04,
2010-03-19,505.28,99.98,115.97,
2010-03-22,499.84,99.5,116.59,
2010-03-23,492.48,98.66,117.41,
2010-03-24,497.28,99.16,116.84,
2010-03-25,498.88,99.34,116.65,
2010-03-26,498.72,99.3,116.58,
2010-03-29,493.28,98.75,117.32,
2010-03-30,492.67,98.68,117.4,
2010-03-31,495.84,99.02,117,
2010-04-01,488.8,98.34,117.8,
2010-04-05,480.8,97.5,118.76,
2010-04-06,479.04,97.28,119.04,
2010-04-07,484,97.84,118.36,
2010-04-08,480.8,97.48,118.77,
2010-04-09,474.56,96.84,119.55,
2010-04-12,472.64,96.66,119.74,
2010-04-13,472,96.62,119.83,
2010-04-14,461.44,95.52,121.19,
2010-04-15,460.48,95.42,121.29,
2010-04-16,475.52,96.94,119.36,
2010-04-19,471.54,96.62,119.81,
2010-04-20,463.52,95.74,120.88,
2010-04-21,465.12,95.88,120.66,
2010-04-22,462.24,95.64,121.02,
2010-04-23,455.84,94.98,121.81,
2010-04-26,459.71,95.32,121.35,
2010-04-27,481.28,97.58,118.48,
2010-04-28,474.4,96.92,119.38,
2010-04-29,462.08,95.66,120.86,
2010-04-30,477.92,97.28,118.81,
2010-05-03,465.12,95.94,120.35,
2010-05-04,487.44,98.24,117.52,
2010-05-05,492.96,98.84,116.82,
2010-05-06,525.6,102.12,112.94,
2010-05-07,543.52,103.82,111.26,
2010-05-10,493.92,99.04,116.16,
2010-05-11,496.66,99.37,115.83,
2010-05-12,482.58,97.98,117.45,
2010-05-13,494.88,99.16,115.99,
2010-05-14,512.93,100.98,113.89,
2010-05-17,512,100.84,113.95,
2010-05-18,526.24,102.24,112.4,
2010-05-19,532,102.88,111.76,
2010-05-20,572.36,106.82,107.54,
2010-05-21,554.88,105.24,109.12,
2010-05-24,569.47,106.52,107.71,
2010-05-25,568.48,106.44,107.82,
2010-05-26,576.16,107.12,107.17,
2010-05-27,536.32,103.46,110.76,
2010-05-28,550.16,104.7,109.37,
2010-06-01,568.64,106.58,107.53,
2010-06-02,539.2,103.8,110.33,
2010-06-03,534.6,103.34,110.71,
2010-06-04,572,107.06,106.82,
2010-06-07,587.36,108.42,105.49,
2010-06-08,574.24,107.3,106.62,
2010-06-09,581.12,107.78,106.05,
2010-06-10,546.24,104.58,109.15,
2010-06-11,541.6,104.06,109.68,
2010-06-14,543.18,104.22,109.51,
2010-06-15,518.24,101.88,112,
2010-06-16,518.56,101.86,111.96,
2010-06-17,517.12,101.74,112.14,
2010-06-18,516,101.62,111.73,
2010-06-21,518.72,101.92,111.41,
2010-06-22,535.72,103.56,109.57,
2010-06-23,539.2,103.9,109.23,
2010-06-24,556.98,105.62,107.42,
2010-06-25,551.92,105.16,107.87,
2010-06-28,556.32,105.54,107.53,
2010-06-29,590.08,108.8,104.21,
2010-06-30,603.23,110.02,103.22,
2010-07-01,606.08,110.3,102.76,
2010-07-02,613.28,110.88,102.2,
2010-07-06,605.6,110.18,102.87,
2010-07-07,567.08,106.72,106.11,
2010-07-08,556,105.62,107.16,
2010-07-09,547.84,104.9,107.96,
2010-07-12,546.72,104.74,108.03,
2010-07-13,530.72,103.2,109.66,
2010-07-14,530.4,103.2,109.65,
2010-07-15,529.6,103.1,109.68,
2010-07-16,558.88,106.04,106.66,
2010-07-19,552.16,105.4,107.29,
2010-07-20,540.32,104.26,108.48,
2010-07-21,554.24,105.52,107.07,
2010-07-22,529.31,103.16,109.46,
2010-07-23,520.32,102.28,110.41,
2010-07-26,508.83,101.12,111.56,
2010-07-27,509.44,101.18,111.55,
2010-07-28,516,101.86,110.83,
2010-07-29,520.96,102.34,110.29,
2010-07-30,520.96,102.32,110.27,
2010-08-02,497.76,99.98,112.76,
2010-08-03,502.24,100.46,112.22,
2010-08-04,495.36,99.8,112.97,
2010-08-05,496.64,100,112.85,
2010-08-06,500.64,100.32,112.39,
2010-08-09,495.36,99.78,112.99,
2010-08-10,500.64,100.34,112.38,
2010-08-11,527.84,103.08,109.3,
2010-08-12,534.16,103.76,108.63,
2010-08-13,538.24,104.08,108.31,
2010-08-16,538.08,104.1,108.26,
2010-08-17,525.12,102.82,109.59,
2010-08-18,523.04,102.62,109.79,
2010-08-19,540.98,104.44,107.88,
2010-08-20,544.96,104.78,107.53,
2010-08-23,548.96,105.14,107.12,
2010-08-24,565.44,106.66,105.53,
2010-08-25,560.96,106.3,105.94,
2010-08-26,568.8,107.02,105.23,
2010-08-27,550.88,105.34,106.86,
2010-08-30,566.72,106.82,105.31,
2010-08-31,565.44,106.86,105.31,
2010-09-01,532.66,103.66,108.46,
2010-09-02,522.72,102.68,109.47,
2010-09-03,508.96,101.3,110.89,
2010-09-07,520.32,102.44,109.64,
2010-09-08,513.44,101.78,110.41,
2010-09-09,508.62,101.28,110.92,
2010-09-10,503.04,100.74,111.48,
2010-09-13,492.16,99.64,112.72,
2010-09-14,492.78,99.68,112.65,
2010-09-15,489.12,99.28,113.08,
2010-09-16,488.96,99.34,113.05,
2010-09-17,488.16,99.36,112.49,
2010-09-20,473.6,97.72,114.21,
2010-09-21,475.68,97.98,113.98,
2010-09-22,480.16,98.44,113.42,
2010-09-23,488.16,99.24,112.5,
2010-09-24,468.02,97.2,114.82,
2010-09-27,472.48,97.66,114.27,
2010-09-28,468.16,97.18,114.67,
2010-09-29,471.04,97.5,114.47,
2010-09-30,473.44,97.8,114.13,
2010-10-01,469.28,97.32,114.61,
2010-10-04,476.32,98.06,113.75,
2010-10-05,457.12,96.06,116.04,
2010-10-06,456.96,96.08,116.03,
2010-10-07,458.24,96.18,115.89,
2010-10-08,452.96,95.66,116.54,
2010-10-11,452.16,95.56,116.65,
2010-10-12,449.28,95.2,117.01,
2010-10-13,442.4,94.54,117.92,
2010-10-14,445.6,94.86,117.46,
2010-10-15,443.84,94.68,117.7,
2010-10-18,438.4,94.28,118.28,
2010-10-19,451.2,95.52,116.73,
2010-10-20,442.24,94.5,117.87,
2010-10-21,440.16,94.34,118.13,
2010-10-22,438.08,94.1,118.35,
2010-10-25,436,93.84,118.7,
2010-10-26,435.84,93.8,118.72,
2010-10-27,438.4,94.08,118.38,
2010-10-28,437.6,94.02,118.4,
2010-10-29,437.28,94.02,118.49,
2010-11-01,437.12,93.94,118.53,
2010-11-02,430.08,93.2,119.48,
2010-11-03,426.72,92.82,119.95,
2010-11-04,410.21,91.02,122.26,
2010-11-05,406.88,90.64,122.73,
2010-11-08,408.32,90.82,122.49,
2010-11-09,414.56,91.5,121.61,
2010-11-10,410.88,91.15,122.1,
2010-11-11,414.24,91.46,121.64,
2010-11-12,424,92.58,120.2,
2010-11-15,425.12,92.7,120.03,
2010-11-16,438.24,94.12,118.16,
2010-11-17,438.08,94.08,118.22,
2010-11-18,424.96,92.66,119.96,
2010-11-19,422.56,92.46,120.29,
2010-11-22,423.84,92.54,120.19,
2010-11-23,436,93.88,118.45,
2010-11-24,422.56,92.44,120.2,
2010-11-26,429.28,93.14,119.29,
2010-11-29,430.08,93.2,119.16,
2010-11-30,434.72,93.78,118.49,
2010-12-01,416.32,91.76,121.01,
2010-12-02,405.76,90.54,122.56,
2010-12-03,403.2,90.34,122.89,
2010-12-06,404.32,90.46,122.76,
2010-12-07,403.68,90.36,122.83,
2010-12-08,400.96,90.04,123.28,
2010-12-09,397.44,89.64,123.76,
2010-12-10,392.8,89.12,124.48,
2010-12-13,392.32,89.1,124.56,
2010-12-14,391.52,89.02,124.67,
2010-12-15,395.2,89.42,124.1,
2010-12-16,390.72,88.92,124.82,
2010-12-17,389.76,88.76,124.3,
2010-12-20,387.84,88.6,124.6,
2010-12-21,383.36,88.05,125.39,
2010-12-22,380.48,87.74,125.78,
2010-12-23,381.6,87.84,125.6,
2010-12-27,381.28,87.78,125.65,
2010-12-28,380.48,87.7,125.83,
2010-12-29,379.84,87.62,125.92,
2010-12-30,380.96,87.72,125.72,
2010-12-31,380.16,87.68,125.75,
2011-01-03,372.8,86.84,127.05,
2011-01-04,373.44,86.88,126.98,
2011-01-05,369.6,86.42,127.64,
2011-01-06,371.04,86.59,127.39,
2011-01-07,372.16,86.74,127.14,
2011-01-10,373.28,86.84,126.98,
2011-01-11,370.4,86.54,127.43,
2011-01-12,363.68,85.74,128.58,
2011-01-13,365.12,85.86,128.37,
2011-01-14,359.52,85.28,129.3,
2011-01-18,358.52,85.1,129.52,
2011-01-19,365.47,85.94,128.25,
2011-01-20,366.56,86.06,128.08,
2011-01-21,364.64,85.88,128.37,
2011-01-24,360.64,85.38,129.1,
2011-01-25,360.48,85.4,129.17,
2011-01-26,357.12,85.01,129.67,
2011-01-27,355.68,84.78,129.99,
2011-01-28,368.16,86.31,127.72,
2011-01-31,362.56,85.64,128.68,
2011-02-01,351.04,84.22,130.74,
2011-02-02,352.48,84.4,130.49,
2011-02-03,350.24,84.2,130.78,
2011-02-04,348.64,83.94,131.15,
2011-02-07,344,83.44,131.97,
2011-02-08,341.08,83.02,132.57,
2011-02-09,342.88,83.26,132.27,
2011-02-10,342.4,83.22,132.32,
2011-02-11,338.08,82.7,133.11,
2011-02-14,336.8,82.5,133.43,
2011-02-15,338.56,82.78,133.01,
2011-02-16,334.4,82.24,133.85,
2011-02-17,332.32,81.98,134.25,
2011-02-18,331.04,81.84,134.53,
2011-02-22,344.48,83.46,131.83,
2011-02-23,348.48,83.96,131.02,
2011-02-24,348.96,84.04,130.93,
2011-02-25,341.28,83.12,132.33,
2011-02-28,337.44,82.6,133.15,
2011-03-01,348.48,83.98,130.93,
2011-03-02,347.2,83.82,131.21,
2011-03-03,335.2,82.36,133.47,
2011-03-04,340,82.96,132.47,
2011-03-07,345.6,83.62,131.43,
2011-03-08,339.52,82.89,132.58,
2011-03-09,340.32,83,132.39,
2011-03-10,353.12,84.54,129.94,
2011-03-11,348,83.94,130.84,
2011-03-14,352.16,84.44,130.05,
2011-03-15,359.98,85.42,128.56,
2011-03-16,373.76,87.02,126.18,
2011-03-17,364.32,85.88,127.85,
2011-03-18,360.8,85.52,127.76,
2011-03-21,350.08,84.22,129.74,
2011-03-22,352.36,84.48,129.29,
2011-03-23,350.24,84.26,129.66,
2011-03-24,343.52,83.44,130.9,
2011-03-25,341.32,83.18,131.3,
2011-03-28,343.04,83.38,130.98,
2011-03-29,338.24,82.8,131.86,
2011-03-30,333.76,82.22,132.77,
2011-03-31,334.72,82.34,132.59,
2011-04-01,332,82,133.15,
2011-04-04,331.52,81.94,133.26,
2011-04-05,331.52,81.94,133.24,
2011-04-06,329.44,81.7,133.66,
2011-04-07,330.56,81.88,133.32,
2011-04-08,333.28,82.16,132.86,
2011-04-11,335.04,82.42,132.46,
2011-04-12,340.32,83.06,131.47,
2011-04-13,340,83.06,131.46,
2011-04-14,339.68,82.96,131.56,
2011-04-15,337.44,82.7,132.04,
2011-04-18,344.64,83.6,130.56,
2011-04-19,340.96,83.14,131.31,
2011-04-20,331.52,81.94,133.1,
2011-04-21,328.16,81.56,133.78,
2011-04-25,328.96,81.64,133.64,
2011-04-26,323.04,80.9,134.79,
2011-04-27,319.04,80.4,135.67,
2011-04-28,316.64,80.1,136.11,
2011-04-29,315.2,79.96,136.43,
2011-05-02,316.32,80.08,136.22,
2011-05-03,318.72,80.36,135.73,
2011-05-04,322.88,80.9,134.83,
2011-05-05,328.32,81.58,133.61,
2011-05-06,325.78,81.26,134.2,
2011-05-09,323.04,80.92,134.72,
2011-05-10,317.6,80.2,135.87,
2011-05-11,324,81.06,134.44,
2011-05-12,321.12,80.68,135.08,
2011-05-13,326.24,81.32,134.04,
2011-05-16,330.08,81.8,133.19,
2011-05-17,330.24,81.84,133.17,
2011-05-18,324.48,81.08,134.36,
2011-05-19,323.04,80.88,134.68,
2011-05-20,327.68,81.54,133.61,
2011-05-23,335.36,82.46,132.06,
2011-05-24,336,82.56,131.95,
2011-05-25,333.92,82.26,132.39,
2011-05-26,330.88,81.92,133,
2011-05-27,328.16,81.58,133.51,
2011-05-31,321.3,80.72,134.9,
2011-06-01,335.84,82.54,131.87,
2011-06-02,336.48,82.62,131.73,
2011-06-03,343.06,83.46,130.42,
2011-06-06,350.42,84.3,129.05,
2011-06-07,351.04,84.38,128.96,
2011-06-08,354.08,84.72,128.42,
2011-06-09,348.78,84.1,129.4,
2011-06-10,358.4,85.26,127.6,
2011-06-13,357.76,85.16,127.7,
2011-06-14,348.32,84.1,129.32,
2011-06-15,360.8,85.58,127.02,
2011-06-16,359.36,85.44,127.3,
2011-06-17,357.12,85.12,127.05,
2011-06-20,353.44,84.72,127.7,
2011-06-21,344,83.5,129.45,
2011-06-22,348,84,128.67,
2011-06-23,349.92,84.24,128.3,
2011-06-24,358.08,85.22,126.81,
2011-06-27,351.68,84.5,127.94,
2011-06-28,342.4,83.4,129.61,
2011-06-29,336.64,82.66,130.72,
2011-06-30,330.22,81.82,131.97,
2011-07-01,320.32,80.64,133.92,
2011-07-05,321.28,80.72,133.81,
2011-07-06,320,80.62,133.97,
2011-07-07,313.28,79.74,135.36,
2011-07-08,317.76,80.3,134.4,
2011-07-11,329.28,81.78,131.97,
2011-07-12,332,82.12,131.4,
2011-07-13,329.76,81.84,131.84,
2011-07-14,333.92,82.4,130.93,
2011-07-15,330.4,81.92,131.69,
2011-07-18,335.98,82.6,130.61,
2011-07-19,325.12,81.24,132.73,
2011-07-20,325.12,81.28,132.65,
2011-07-21,316.16,80.12,134.49,
2011-07-22,316,80.1,134.58,
2011-07-25,319.36,80.54,133.83,
2011-07-26,321.6,80.86,133.33,
2011-07-27,334.74,82.5,130.6,
2011-07-28,336.96,82.76,130.22,
2011-07-29,341.6,83.32,129.33,
2011-08-01,344.64,83.66,128.78,
2011-08-02,361.92,85.8,125.49,
2011-08-03,357.92,85.32,126.17,
2011-08-04,391.71,89.32,120.26,
2011-08-05,393.28,89.54,120.08,
2011-08-08,444,95.34,112.26,
2011-08-09,401.92,90.76,117.48,
2011-08-10,439.04,94.94,112.29,
2011-08-11,398.56,90.54,117.33,
2011-08-12,392.64,89.96,118.12,
2011-08-15,375.87,88.01,120.62,
2011-08-16,382.56,88.8,119.59,
2011-08-17,382.24,88.72,119.67,
2011-08-18,414.24,92.46,114.51,
2011-08-19,427.84,94,112.64,
2011-08-22,428.32,93.98,112.73,
2011-08-23,399.34,90.88,116.44,
2011-08-24,388.48,89.6,118.08,
2011-08-25,400.32,90.96,116.28,
2011-08-26,388.48,89.6,117.97,
2011-08-29,366.24,87.04,121.36,
2011-08-30,364.8,86.78,121.68,
2011-08-31,360.48,86.42,122.22,
2011-09-01,367.84,87.34,120.94,
2011-09-02,387.52,89.6,117.85,
2011-09-06,392.88,90.18,116.99,
2011-09-07,370.88,87.66,120.29,
2011-09-08,378.72,88.58,119.04,
2011-09-09,398.24,90.92,115.92,
2011-09-12,392.8,90.26,116.67,
2011-09-13,385.79,89.5,117.74,
2011-09-14,375.04,88.22,119.37,
2011-09-15,362.24,86.7,121.43,
2011-09-16,357.92,86.2,121.52,
2011-09-19,364.64,87.02,120.31,
2011-09-20,365.76,87.12,120.17,
2011-09-21,388.16,89.74,116.63,
2011-09-22,411.68,92.56,112.86,
2011-09-23,408,92.04,113.54,
2011-09-26,388.03,89.84,116.24,
2011-09-27,379.34,88.82,117.54,
2011-09-28,394.88,90.68,115.15,
2011-09-29,388.64,89.94,116.05,
2011-09-30,407.84,92.2,113.15,
2011-10-03,430.88,94.8,109.93,
2011-10-04,412.48,92.8,112.34,
2011-10-05,396.8,90.92,114.42,
2011-10-06,381.92,89.24,116.49,
2011-10-07,386.88,89.92,115.71,
2011-10-10,361.76,86.92,119.58,
2011-10-11,361.28,86.8,119.7,
2011-10-12,354.56,86.06,120.75,
2011-10-13,356,86.26,120.51,
2011-10-14,343.36,84.76,122.57,
2011-10-17,356.8,86.34,120.23,
2011-10-18,342.24,84.62,122.58,
2011-10-19,351.04,85.64,121.13,
2011-10-20,347.52,85.32,121.66,
2011-10-21,334.56,83.68,123.97,
2011-10-24,325.92,82.58,125.49,
2011-10-25,338.56,84.18,123.05,
2011-10-26,331.84,83.36,124.3,
2011-10-27,308.64,80.46,128.63,
2011-10-28,308.8,80.38,128.6,
2011-10-31,324,82.4,125.5,
2011-11-01,341.46,84.62,122,
2011-11-02,330.72,83.32,123.99,
2011-11-03,318.56,81.8,126.25,
2011-11-04,322.72,82.28,125.48,
2011-11-07,318.24,81.74,126.26,
2011-11-08,310.4,80.68,127.88,
2011-11-09,332.69,83.7,123.16,
2011-11-10,326.88,82.92,124.32,
2011-11-11,314.08,81.28,126.66,
2011-11-14,320.16,82.08,125.46,
2011-11-15,317.42,81.66,126.08,
2011-11-16,327.04,82.98,124.08,
2011-11-17,337.6,84.28,122.11,
2011-11-18,338.4,84.38,121.98,
2011-11-21,351.06,86,119.66,
2011-11-22,354.24,86.38,119.19,
2011-11-23,369.76,88.2,116.56,
2011-11-25,371.07,88.42,116.34,
2011-11-28,349.44,85.82,119.71,
2011-11-29,347.52,85.56,120.05,
2011-11-30,318.72,81.98,124.99,
2011-12-01,318.4,82.02,124.97,
2011-12-02,319.04,82.06,124.86,
2011-12-05,312.3,81.22,126.22,
2011-12-06,311.66,81.14,126.26,
2011-12-07,310.24,80.88,126.73,
2011-12-08,323.36,82.58,123.95,
2011-12-09,312.48,81.22,126.05,
2011-12-12,321.12,82.44,124.21,
2011-12-13,327.68,83.2,123.05,
2011-12-14,334.4,84.1,121.74,
2011-12-15,331.98,83.78,122.19,
2011-12-16,331.2,83.64,121.59,
2011-12-19,337.68,84.52,120.29,
2011-12-20,317.76,82,123.93,
2011-12-21,316,81.82,124.17,
2011-12-22,310.4,81.02,125.27,
2011-12-23,305.39,80.38,126.39,
2011-12-27,305.12,80.32,126.49,
2011-12-28,312.16,81.28,124.83,
2011-12-29,306.24,80.48,126.12,
2011-12-30,308.62,80.82,125.5,
2012-01-03,299.2,79.56,127.5,
2012-01-04,298.72,79.46,127.7,
2012-01-05,296.64,79.22,128.04,
2012-01-06,297.6,79.4,127.71,
2012-01-09,296.96,79.3,128.02,
2012-01-10,291.68,78.58,129.13,
2012-01-11,291.36,78.48,129.2,
2012-01-12,290.08,78.32,129.51,
2012-01-13,292.48,78.62,128.84,
2012-01-17,291.04,78.42,129.34,
2012-01-18,284.48,77.58,130.77,
2012-01-19,281.44,77.16,131.46,
2012-01-20,280.85,77.14,131.95,
2012-01-23,280.8,77.08,131.61,
2012-01-24,281.39,77.16,131.46,
2012-01-25,276.64,76.5,132.56,
2012-01-26,279.52,76.88,131.88,
2012-01-27,280.16,76.9,131.82,
2012-01-30,281.28,77.2,131.37,
2012-01-31,282.08,77.26,131.32,
2012-02-01,276.8,76.52,132.47,
2012-02-02,276,76.4,132.68,
2012-02-03,268.13,75.36,134.54,
2012-02-06,268.35,75.36,134.45,
2012-02-07,267.2,75.2,134.79,
2012-02-08,265.76,74.96,135.19,
2012-02-09,264.96,74.88,135.36,
2012-02-10,268.32,75.38,134.36,
2012-02-13,264.8,74.88,135.36,
2012-02-14,265.44,74.92,135.19,
2012-02-15,268,75.3,134.56,
2012-02-16,262.08,74.48,136.05,
2012-02-17,260.16,74.28,136.41,
2012-02-21,260.32,74.2,136.47,
2012-02-22,262.24,74.54,136.03,
2012-02-23,259.36,74.12,136.63,
2012-02-24,258.72,74,136.93,
2012-02-27,257.76,73.84,137.16,
2012-02-28,256.14,73.6,137.56,
2012-02-29,258.58,74.04,137.02,
2012-03-01,255.18,73.5,137.73,
2012-03-02,256.96,73.7,137.31,
2012-03-05,258.88,74,136.75,
2012-03-06,266.56,75.12,134.75,
2012-03-07,262.72,74.58,135.69,
2012-03-08,257.6,73.84,137.04,
2012-03-09,255.68,73.54,137.57,
2012-03-12,255.52,73.52,137.58,
2012-03-13,246.22,72.22,140.06,
2012-03-14,246.4,72.26,139.91,
2012-03-15,244.16,71.86,140.72,
2012-03-16,243.14,71.72,140.3,
2012-03-19,241.12,71.46,140.85,
2012-03-20,242.72,71.68,140.44,
2012-03-21,243.36,71.78,140.21,
2012-03-22,247.04,72.3,139.2,
2012-03-23,245.28,72.06,139.65,
2012-03-26,238.64,71.06,141.61,
2012-03-27,240,71.26,141.17,
2012-03-28,242.4,71.64,140.47,
2012-03-29,243.2,71.74,140.23,
2012-03-30,241.44,71.52,140.81,
2012-04-02,237.76,70.94,141.84,
2012-04-03,239.52,71.22,141.26,
2012-04-04,244.32,71.9,139.86,
2012-04-05,244.32,71.94,139.79,
2012-04-09,249.68,72.76,138.22,
2012-04-10,258.16,73.98,135.9,
2012-04-11,254.56,73.44,137,
2012-04-12,247.68,72.4,138.79,
2012-04-13,253.44,73.28,137.14,
2012-04-16,253.76,73.36,137.05,
2012-04-17,246.24,72.24,139.08,
2012-04-18,247.84,72.46,138.61,
2012-04-19,250.88,72.9,137.72,
2012-04-20,250.4,72.8,137.95,
2012-04-23,254.56,73.44,136.79,
2012-04-24,252.48,73.12,137.31,
2012-04-25,245.12,72.12,139.19,
2012-04-26,242.08,71.62,140.16,
2012-04-27,240.98,71.5,140.39,
2012-04-30,243.2,71.82,139.87,
2012-05-01,240,71.34,140.74,
2012-05-02,241.42,71.52,140.33,
2012-05-03,244.96,72.06,139.25,
2012-05-04,252.82,73.22,137,
2012-05-07,252.64,73.2,137.1,
2012-05-08,254.72,73.46,136.55,
2012-05-09,257.76,73.88,135.74,
2012-05-10,256.8,73.76,136.02,
2012-05-11,258.4,73.98,135.61,
2012-05-14,263.68,74.78,134.11,
2012-05-15,266.77,75.16,133.34,
2012-05-16,268.8,75.52,132.83,
2012-05-17,276.96,76.64,130.86,
2012-05-18,281.1,77.22,129.74,
2012-05-21,271.84,75.96,131.97,
2012-05-22,271.52,75.82,132.2,
2012-05-23,271.04,75.8,132.27,
2012-05-24,270.08,75.6,132.53,
2012-05-25,271.06,75.88,132.1,
2012-05-29,265.12,74.9,133.7,
2012-05-30,272.8,75.98,131.76,
2012-05-31,273.6,76.22,131.47,
2012-06-01,287.36,78.1,128.16,
2012-06-04,287.33,78.1,128.1,
2012-06-05,283.52,77.6,129.07,
2012-06-06,270.72,75.82,131.97,
2012-06-07,270.4,75.8,132.05,
2012-06-08,266.05,75.18,133.1,
2012-06-11,272.8,76.06,131.42,
2012-06-12,266.72,75.28,132.92,
2012-06-13,269.78,75.68,132.07,
2012-06-14,263.95,74.92,133.47,
2012-06-15,258.56,74.14,134.14,
2012-06-18,257.92,73.98,134.4,
2012-06-19,252.8,73.24,135.7,
2012-06-20,253.28,73.36,135.48,
2012-06-21,264.96,74.96,132.44,
2012-06-22,260.48,74.48,133.46,
2012-06-25,269.44,75.58,131.32,
2012-06-26,266.56,75.28,131.98,
2012-06-27,261.92,74.54,133.17,
2012-06-28,263.2,74.8,132.79,
2012-06-29,249.44,72.92,136.11,
2012-07-02,248.8,72.7,136.51,
2012-07-03,245.12,72.21,137.41,
2012-07-05,247.52,72.5,136.79,
2012-07-06,252.16,73.18,135.49,
2012-07-09,252.96,73.3,135.32,
2012-07-10,257.28,73.96,134.14,
2012-07-11,257.12,73.96,134.16,
2012-07-12,259.52,74.3,133.51,
2012-07-13,251.2,73.08,135.75,
2012-07-16,251.84,73.2,135.43,
2012-07-17,248.32,72.68,136.36,
2012-07-18,245.12,72.2,137.37,
2012-07-19,243.39,72,137.73,
2012-07-20,247.68,72.62,136.47,
2012-07-23,252.8,73.36,135.09,
2012-07-24,257.12,74,133.93,
2012-07-25,257.44,74,133.96,
2012-07-26,248.64,72.76,136.17,
2012-07-27,239.52,71.4,138.68,
2012-07-30,239.36,71.4,138.68,
2012-07-31,242.56,71.84,137.71,
2012-08-01,242.9,71.96,137.59,
2012-08-02,246.56,72.42,136.64,
2012-08-03,236.96,71.08,139.35,
2012-08-06,235.84,70.88,139.62,
2012-08-07,233.44,70.54,140.32,
2012-08-08,233.12,70.44,140.49,
2012-08-09,232.48,70.4,140.61,
2012-08-10,231.82,70.24,140.84,
2012-08-13,231.68,70.26,140.77,
2012-08-14,231.84,70.26,140.79,
2012-08-15,231.52,70.2,140.95,
2012-08-16,228,69.68,141.99,
2012-08-17,227.04,69.58,142.18,
2012-08-20,227.52,69.56,142.19,
2012-08-21,228.8,69.78,141.76,
2012-08-22,228.64,69.75,141.82,
2012-08-23,232.16,70.3,140.67,
2012-08-24,229.28,69.84,141.51,
2012-08-27,229.44,69.86,141.54,
2012-08-28,229.76,69.92,141.4,
2012-08-29,229.1,69.88,141.51,
2012-08-30,232.8,70.4,140.49,
2012-08-31,230.56,70.12,141.16,
2012-09-04,231.04,70.14,141.03,
2012-09-05,231.2,70.16,140.91,
2012-09-06,221.92,68.76,143.77,
2012-09-07,219.84,68.42,144.33,
2012-09-10,222.4,68.84,143.51,
2012-09-11,221.44,68.66,143.91,
2012-09-12,219.84,68.44,144.39,
2012-09-13,212.8,67.36,146.59,
2012-09-14,211.04,67.04,147.24,
2012-09-17,212.48,67.28,146.74,
2012-09-18,212.64,67.36,146.62,
2012-09-19,212.48,67.28,146.7,
2012-09-20,212.61,67.32,146.71,
2012-09-21,212.72,67.34,145.87,
2012-09-24,213.28,67.4,145.65,
2012-09-25,217.6,68.06,144.1,
2012-09-26,220.16,68.52,143.3,
2012-09-27,216,67.86,144.64,
2012-09-28,218.08,68.16,143.97,
2012-10-01,217.12,68.02,144.35,
2012-10-02,216.8,67.96,144.5,
2012-10-03,214.88,67.64,145.09,
2012-10-04,211.7,67.16,146.13,
2012-10-05,211.68,67.14,146.14,
2012-10-08,213.04,67.34,145.64,
2012-10-09,217.16,68.02,144.2,
2012-10-10,220.04,68.48,143.28,
2012-10-11,219.7,68.44,143.36,
2012-10-12,221.44,68.66,142.89,
2012-10-15,217.52,68.12,144.08,
2012-10-16,213.28,67.36,145.54,
2012-10-17,211.36,67.08,146.2,
2012-10-18,212.2,67.24,145.82,
2012-10-19,219.36,68.38,143.39,
2012-10-22,219.28,68.36,143.41,
2012-10-23,225.44,69.34,141.42,
2012-10-24,226.62,69.5,141.02,
2012-10-25,225.28,69.28,141.43,
2012-10-26,225.56,69.36,141.35,
2012-10-31,226.2,69.42,141.35,
2012-11-01,220.64,68.62,142.83,
2012-11-02,224.81,69.2,141.56,
2012-11-05,223.6,69.06,141.85,
2012-11-06,220.48,68.52,142.96,
2012-11-07,230.24,70.08,139.72,
2012-11-08,235.88,70.9,138.04,
2012-11-09,234.99,70.88,138.16,
2012-11-12,234.88,70.8,138.27,
2012-11-13,236.48,71,137.79,
2012-11-14,242.9,71.96,135.93,
2012-11-15,243.92,72.12,135.7,
2012-11-16,241.4,71.8,136.37,
2012-11-19,231.6,70.28,139.13,
2012-11-20,231.24,70.22,139.19,
2012-11-21,230.28,70.1,139.45,
2012-11-23,224.36,69.2,141.35,
2012-11-26,225.01,69.26,141.05,
2012-11-27,227.2,69.68,140.33,
2012-11-28,223.72,69.14,141.46,
2012-11-29,221.76,68.76,142.12,
2012-11-30,221.64,68.8,142.16,
2012-12-03,223.68,69.08,141.45,
2012-12-04,224.47,69.22,141.25,
2012-12-05,223.76,69.06,141.5,
2012-12-06,222.14,68.82,141.98,
2012-12-07,220.76,68.64,142.42,
2012-12-10,220.5,68.6,142.47,
2012-12-11,217.5,68.14,143.44,
2012-12-12,217.4,68.1,143.51,
2012-12-13,219.64,68.5,142.63,
2012-12-14,221.52,68.74,142.11,
2012-12-17,216.36,67.9,143.77,
2012-12-18,211.45,67.2,145.37,
2012-12-19,214.48,67.66,144.29,
2012-12-20,212.2,67.28,145.12,
2012-12-21,216,67.84,142.79,
2012-12-24,217.28,68.04,142.35,
2012-12-26,219.28,68.44,141.75,
2012-12-27,219.66,68.5,141.56,
2012-12-28,224.72,69.24,140.03,
2012-12-31,216.44,68.06,142.41,
2013-01-02,205.62,66.36,146.06,
2013-01-03,206.63,66.4,145.73,
2013-01-04,204.66,66.1,146.37,
2013-01-07,205.84,66.3,145.97,
2013-01-08,207.04,66.48,145.55,
2013-01-09,205.76,66.32,145.92,
2013-01-10,202.82,65.84,147.08,
2013-01-11,202.84,65.78,147.07,
2013-01-14,203,65.86,146.97,
2013-01-15,202.68,65.82,147.07,
2013-01-16,202.92,65.84,147.05,
2013-01-17,200.32,65.42,148,
2013-01-18,199.12,65.22,148.33,
2013-01-22,197.08,64.92,149.13,
2013-01-23,196.56,64.8,149.37,
2013-01-24,196.32,64.78,149.41,
2013-01-25,194.24,64.41,150.25,
2013-01-28,194.72,64.5,150.07,
2013-01-29,192.96,64.18,150.66,
2013-01-30,194.56,64.46,150.07,
2013-01-31,195.44,64.62,149.7,
2013-02-01,191.48,63.9,151.24,
2013-02-04,195.52,64.64,149.54,
2013-02-05,191.92,64,151.05,
2013-02-06,191.48,63.98,151.16,
2013-02-07,191.96,64.06,150.96,
2013-02-08,189.96,63.72,151.8,
2013-02-11,190.04,63.72,151.77,
2013-02-12,189.32,63.62,152.02,
2013-02-13,189.08,63.56,152.15,
2013-02-14,188.52,63.46,152.29,
2013-02-15,189.06,63.54,152.11,
2013-02-19,186.44,63.08,153.25,
2013-02-20,191,63.88,151.34,
2013-02-21,193.12,64.26,150.42,
2013-02-22,189.6,63.6,151.89,
2013-02-25,196.48,64.8,149,
2013-02-26,193.95,64.4,150.02,
2013-02-27,189.04,63.58,151.91,
2013-02-28,189.81,63.78,151.61,
2013-03-01,188.44,63.48,152.11,
2013-03-04,186.68,63.18,152.92,
2013-03-05,183.15,62.56,154.29,
2013-03-06,182.72,62.46,154.5,
2013-03-07,181.92,62.34,154.78,
2013-03-08,180.4,62.1,155.44,
2013-03-11,179.12,61.88,156.03,
2013-03-12,179.92,62.02,155.68,
2013-03-13,179.52,61.9,155.91,
2013-03-14,177.48,61.56,156.73,
2013-03-15,177.96,61.64,155.83,
2013-03-18,179.92,62,154.97,
2013-03-19,180.68,62.14,154.61,
2013-03-20,178.24,61.7,155.69,
2013-03-21,181.24,62.22,154.36,
2013-03-22,178.4,61.74,155.6,
2013-03-25,179.48,61.96,154.95,
2013-03-26,176.96,61.48,156.19,
2013-03-27,177.08,61.48,156.19,
2013-03-28,175.76,61.38,156.67,
2013-04-01,177.2,61.56,156.05,
2013-04-02,175.52,61.24,156.82,
2013-04-03,179.12,61.86,155.23,
2013-04-04,177.68,61.58,155.86,
2013-04-05,179.16,61.84,155.16,
2013-04-08,176.8,61.44,156.21,
2013-04-09,175.64,61.24,156.75,
2013-04-10,171.23,60.48,158.67,
2013-04-11,170.04,60.22,159.19,
2013-04-12,170.88,60.44,158.8,
2013-04-15,178.64,61.76,155.12,
2013-04-16,173.52,60.88,157.41,
2013-04-17,178.92,61.84,155.11,
2013-04-18,180.8,62.16,154.14,
2013-04-19,177.68,61.68,155.48,
2013-04-22,176.16,61.38,156.17,
2013-04-23,172.52,60.72,157.78,
2013-04-24,172.4,60.7,157.88,
2013-04-25,170.88,60.46,158.52,
2013-04-26,171.48,60.54,158.24,
2013-04-29,169.36,60.14,159.3,
2013-04-30,168.48,59.96,159.68,
2013-05-01,171.32,60.52,158.28,
2013-05-02,168.16,59.98,159.75,
2013-05-03,164.7,59.4,161.37,
2013-05-06,163.8,59.18,161.78,
2013-05-07,162.08,58.9,162.6,
2013-05-08,160.64,58.6,163.34,
2013-05-09,161.6,58.8,162.88,
2013-05-10,160.44,58.58,163.41,
2013-05-13,160.36,58.54,163.54,
2013-05-14,156.84,57.92,165.23,
2013-05-15,155.24,57.64,166.12,
2013-05-16,156.68,57.86,165.34,
2013-05-17,153.72,57.34,166.94,
2013-05-20,153.68,57.3,166.93,
2013-05-21,153.16,57.26,167.17,
2013-05-22,155.76,57.66,165.93,
2013-05-23,156.32,57.86,165.45,
2013-05-24,156.6,57.88,165.31,
2013-05-28,154.88,57.52,166.3,
2013-05-29,156.68,57.92,165.22,
2013-05-30,155.52,57.66,165.83,
2013-05-31,160.16,58.54,163.45,
2013-06-03,158.32,58.2,164.35,
2013-06-04,159.88,58.48,163.56,
2013-06-05,164.4,59.3,161.27,
2013-06-06,161.36,58.8,162.73,
2013-06-07,157.36,58,164.8,
2013-06-10,157.32,58,164.8,
2013-06-11,160.44,58.6,163.1,
2013-06-12,163.1,59.08,161.75,
2013-06-13,158.16,58.2,164.21,
2013-06-14,160.16,58.56,163.18,
2013-06-17,157.64,58.08,164.44,
2013-06-18,155.2,57.66,165.74,
2013-06-19,159.36,58.42,163.45,
2013-06-20,167.36,59.9,159.4,
2013-06-21,166.48,59.7,159.07,
2013-06-24,170.44,60.44,157.06,
2013-06-25,167.16,59.84,158.58,
2013-06-26,163.96,59.28,160.14,
2013-06-27,161.92,58.92,161.08,
2013-06-28,163.4,59.38,160.42,
2013-07-01,161.4,58.8,161.36,
2013-07-02,161.76,58.9,161.21,
2013-07-03,161.56,58.82,161.28,
2013-07-05,158.04,58.2,163.02,
2013-07-08,156.28,57.88,163.95,
2013-07-09,154.04,57.46,165.13,
2013-07-10,153.84,57.44,165.19,
2013-07-11,149.68,56.62,167.44,
2013-07-12,149.16,56.64,167.51,
2013-07-15,148.36,56.38,168.16,
2013-07-16,149.52,56.62,167.53,
2013-07-17,148.72,56.48,167.95,
2013-07-18,147.08,56.14,168.87,
2013-07-19,146.6,56.02,169.17,
2013-07-22,146.04,55.94,169.5,
2013-07-23,146.52,56.06,169.14,
2013-07-24,147.56,56.24,168.52,
2013-07-25,147.04,56.16,168.93,
2013-07-26,146.8,56.08,169.11,
2013-07-29,147.56,56.24,168.59,
2013-07-30,147.6,56.22,168.59,
2013-07-31,147.32,56.22,168.71,
2013-08-01,143.92,55.54,170.66,
2013-08-02,143.4,55.44,170.95,
2013-08-05,143.76,55.5,170.7,
2013-08-06,145.4,55.82,169.73,
2013-08-07,146.44,56,169.18,
2013-08-08,145.32,55.8,169.8,
2013-08-09,146.16,56,169.31,
2013-08-12,146.56,56.06,169.11,
2013-08-13,145.56,55.84,169.61,
2013-08-14,147.16,56.14,168.74,
2013-08-15,151.4,56.96,166.38,
2013-08-16,152.12,57.12,165.83,
2013-08-19,154.12,57.48,164.77,
2013-08-20,152.64,57.22,165.58,
2013-08-21,154.56,57.58,164.56,
2013-08-22,151.88,57.06,166.06,
2013-08-23,150.68,56.86,166.62,
2013-08-26,151.88,57.04,166,
2013-08-27,156.72,57.96,163.33,
2013-08-28,155.76,57.78,163.91,
2013-08-29,155.16,57.7,164.17,
2013-08-30,156.32,57.86,163.65,
2013-09-03,154.72,57.62,164.39,
2013-09-04,152.08,57.12,165.75,
2013-09-05,152,57.06,165.96,
2013-09-06,151.68,57.02,166.04,
2013-09-09,148.68,56.44,167.63,
2013-09-10,146.52,56.02,168.87,
2013-09-11,145.54,55.84,169.4,
2013-09-12,146.52,55.98,168.95,
2013-09-13,145.72,55.86,169.33,
2013-09-16,143.92,55.52,170.31,
2013-09-17,142.72,55.3,171.07,
2013-09-18,139.36,54.64,173.05,
2013-09-19,139.72,54.72,172.76,
2013-09-20,141.8,55.14,170.72,
2013-09-23,143,55.38,169.93,
2013-09-24,143.72,55.48,169.53,
2013-09-25,144.44,55.64,169.04,
2013-09-26,143.56,55.46,169.69,
2013-09-27,144.68,55.68,168.91,
2013-09-30,146.32,56.02,168.01,
2013-10-01,143.96,55.56,169.34,
2013-10-02,144.44,55.6,169.18,
2013-10-03,146.96,56.14,167.62,
2013-10-04,144.72,55.72,168.89,
2013-10-07,147.2,56.16,167.43,
2013-10-08,150.68,56.84,165.48,
2013-10-09,150.4,56.78,165.6,
2013-10-10,143.88,55.56,169.17,
2013-10-11,142,55.18,170.26,
2013-10-14,140.84,54.98,170.94,
2013-10-15,143,55.36,169.7,
2013-10-16,138.96,54.58,172.07,
2013-10-17,137.08,54.26,173.22,
2013-10-18,135.4,53.86,174.39,
2013-10-21,135.28,53.86,174.4,
2013-10-22,133.68,53.54,175.41,
2013-10-23,134.84,53.78,174.57,
2013-10-24,133.96,53.62,175.15,
2013-10-25,132.84,53.36,175.95,
2013-10-28,132.36,53.3,176.23,
2013-10-29,130.92,53,177.17,
2013-10-30,132.24,53.26,176.29,
2013-10-31,133.16,53.43,175.79,
2013-11-01,132.44,53.3,176.21,
2013-11-04,131.36,53.1,176.83,
2013-11-05,132.28,53.24,176.27,
2013-11-06,131,53.02,177.17,
2013-11-07,134.24,53.66,174.93,
2013-11-08,130.72,52.96,177.29,
2013-11-11,130.64,52.96,177.32,
2013-11-12,131.12,53.02,176.96,
2013-11-13,129.04,52.6,178.38,
2013-11-14,127.6,52.34,179.27,
2013-11-15,126.64,52.08,180.05,
2013-11-18,127.4,52.26,179.42,
2013-11-19,128,52.4,179.03,
2013-11-20,128.72,52.56,178.47,
2013-11-21,126.76,52.14,179.91,
2013-11-22,125.48,51.9,180.81,
2013-11-25,125.6,51.9,180.63,
2013-11-26,125.68,51.92,180.68,
2013-11-27,125.04,51.8,181.12,
2013-11-29,125.28,51.82,181,
2013-12-02,125.8,51.96,180.53,
2013-12-03,126.84,52.16,179.75,
2013-12-04,127.04,52.18,179.73,
2013-12-05,127.92,52.4,178.94,
2013-12-06,125.16,51.8,180.94,
2013-12-09,124.56,51.66,181.4,
2013-12-10,125.36,51.84,180.75,
2013-12-11,128.32,52.44,178.72,
2013-12-12,129.04,52.62,178.13,
2013-12-13,129.16,52.62,178.11,
2013-12-16,127.48,52.3,179.22,
2013-12-17,128.48,52.48,178.65,
2013-12-18,124,51.56,181.7,
2013-12-19,124.24,51.6,181.49,
2013-12-20,122.72,51.3,181.56,
2013-12-23,121.48,51.04,182.53,
2013-12-24,120.96,50.92,182.93,
2013-12-26,119.68,50.68,183.86,
2013-12-27,119.76,50.66,183.85,
2013-12-30,119.8,50.66,183.82,
2013-12-31,118.64,50.46,184.69,
2014-01-02,120.92,50.9,182.92,
2014-01-03,121.08,50.96,182.89,
2014-01-06,121.64,51.08,182.36,
2014-01-07,120.2,50.78,183.48,
2014-01-08,120,50.74,183.52,
2014-01-09,119.96,50.72,183.64,
2014-01-10,119.36,50.62,184.14,
2014-01-13,122.52,51.24,181.69,
2014-01-14,119.79,50.68,183.67,
2014-01-15,118.52,50.4,184.66,
2014-01-16,118.88,50.48,184.42,
2014-01-17,119.88,50.72,183.64,
2014-01-21,119.08,50.56,184.18,
2014-01-22,118.96,50.5,184.3,
2014-01-23,120.84,50.9,182.79,
2014-01-24,126.04,52.04,178.89,
2014-01-27,127.36,52.28,178.01,
2014-01-28,125.8,51.96,179.07,
2014-01-29,128.24,52.48,177.35,
2014-01-30,125.44,51.84,179.23,
2014-01-31,126.92,52.2,178.18,
2014-02-03,132.6,53.38,174.17,
2014-02-04,130.88,53.02,175.39,
2014-02-05,131.16,53.08,175.17,
2014-02-06,127.8,52.4,177.48,
2014-02-07,124.4,51.68,179.68,
2014-02-10,124.08,51.6,180.01,
2014-02-11,121.28,51.06,181.98,
2014-02-12,121.04,50.98,182.07,
2014-02-13,119.92,50.76,183.01,
2014-02-14,118.68,50.46,184.02,
2014-02-18,118.28,50.38,184.24,
2014-02-19,119.92,50.72,183.02,
2014-02-20,118.4,50.42,184.1,
2014-02-21,118.68,50.48,183.89,
2014-02-24,117.68,50.24,184.91,
2014-02-25,117.48,50.24,184.84,
2014-02-26,117.48,50.24,184.85,
2014-02-27,116.2,49.96,185.82,
2014-02-28,115.76,49.84,186.29,
2014-03-03,117.28,50.18,184.98,
2014-03-04,113.88,49.44,187.58,
2014-03-05,113.8,49.44,187.75,
2014-03-06,113.2,49.32,188.18,
2014-03-07,113.16,49.28,188.26,
2014-03-10,113.16,49.32,188.16,
2014-03-11,114.4,49.54,187.23,
2014-03-12,114.28,49.56,187.28,
2014-03-13,116.8,50.08,185.18,
2014-03-14,117.48,50.22,184.66,
2014-03-17,115.4,49.76,186.33,
2014-03-18,113.72,49.42,187.66,
2014-03-19,115,49.66,186.66,
2014-03-20,113.64,49.4,187.75,
2014-03-21,114.48,49.56,186.2,
2014-03-24,115.4,49.78,185.43,
2014-03-25,114.28,49.56,186.31,
2014-03-26,116,49.9,184.97,
2014-03-27,116.44,50.02,184.58,
2014-03-28,115.32,49.76,185.49,
2014-03-31,113.4,49.34,187.01,
2014-04-01,111.92,49,188.25,
2014-04-02,111.2,48.84,188.88,
2014-04-03,111.44,48.92,188.63,
2014-04-04,114.04,49.5,186.4,
2014-04-07,116.56,50.04,184.34,
2014-04-08,115.6,49.82,185.1,
2014-04-09,113.08,49.28,187.09,
2014-04-10,117.88,50.32,183.16,
2014-04-11,120.04,50.78,181.51,
2014-04-14,118.16,50.38,182.94,
2014-04-15,116.52,50.02,184.2,
2014-04-16,114.07,49.52,186.13,
2014-04-17,113.76,49.44,186.39,
2014-04-21,112.96,49.28,187.04,
2014-04-22,112,49.06,187.89,
2014-04-23,112.4,49.14,187.45,
2014-04-24,111.96,49.06,187.83,
2014-04-25,113.8,49.44,186.29,
2014-04-28,113.04,49.3,186.88,
2014-04-29,112.08,49.06,187.75,
2014-04-30,111.32,48.88,188.31,
2014-05-01,111.32,48.9,188.33,
2014-05-02,111.6,48.96,188.06,
2014-05-05,111.24,48.88,188.42,
2014-05-06,113.08,49.28,186.78,
2014-05-07,111.84,49,187.88,
2014-05-08,112.08,49.06,187.68,
2014-05-09,111.64,48.98,187.96,
2014-05-12,109.56,48.5,189.79,
2014-05-13,109.36,48.48,189.96,
2014-05-14,110.4,48.68,189.06,
2014-05-15,112.36,49.12,187.4,
2014-05-16,111.52,48.94,188.05,
2014-05-19,110.68,48.78,188.74,
2014-05-20,112.16,49.08,187.55,
2014-05-21,110.24,48.68,189.13,
2014-05-22,109.68,48.54,189.59,
2014-05-23,108.76,48.36,190.35,
2014-05-27,107.44,48.06,191.52,
2014-05-28,107.6,48.08,191.38,
2014-05-29,106.48,47.84,192.37,
2014-05-30,106.2,47.74,192.68,
2014-06-02,105.88,47.7,192.9,
2014-06-03,106.04,47.7,192.8,
2014-06-04,105.56,47.62,193.19,
2014-06-05,104.16,47.3,194.45,
2014-06-06,103.16,47.1,195.38,
2014-06-09,102.92,47.04,195.58,
2014-06-10,102.96,47.02,195.6,
2014-06-11,103.6,47.2,194.92,
2014-06-12,105.12,47.52,193.54,
2014-06-13,104.52,47.38,194.13,
2014-06-16,104.24,47.36,194.29,
2014-06-17,103.72,47.22,194.83,
2014-06-18,102.2,46.84,196.26,
2014-06-19,101.92,46.78,196.48,
2014-06-20,101.52,46.74,195.94,
2014-06-23,101.64,46.74,195.88,
2014-06-24,102.88,46.96,194.7,
2014-06-25,101.92,46.74,195.58,
2014-06-26,102,46.82,195.44,
2014-06-27,101.64,46.72,195.82,
2014-06-30,101.76,46.72,195.72,
2014-07-01,100.4,46.42,197.03,
2014-07-02,100.12,46.38,197.23,
2014-07-03,99.2,46.14,198.2,
2014-07-07,99.88,46.28,197.51,
2014-07-08,101.12,46.6,196.24,
2014-07-09,100.2,46.38,197.12,
2014-07-10,101.12,46.6,196.34,
2014-07-11,100.76,46.52,196.61,
2014-07-14,99.72,46.26,197.6,
2014-07-15,100.08,46.34,197.23,
2014-07-16,99.36,46.18,197.96,
2014-07-17,101.64,46.72,195.71,
2014-07-18,99.52,46.24,197.71,
2014-07-21,99.92,46.32,197.34,
2014-07-22,99.04,46.08,198.2,
2014-07-23,98.6,46.02,198.64,
2014-07-24,98.56,45.98,198.65,
2014-07-25,99.52,46.2,197.72,
2014-07-28,99.48,46.22,197.8,
2014-07-29,100.32,46.42,196.95,
2014-07-30,100.2,46.38,196.98,
2014-07-31,104.2,47.3,193.09,
2014-08-01,104.84,47.46,192.5,
2014-08-04,103.36,47.1,193.89,
2014-08-05,105.36,47.56,192.01,
2014-08-06,105.32,47.56,192.07,
2014-08-07,106.44,47.8,191.03,
2014-08-08,103.96,47.26,193.24,
2014-08-11,103.32,47.12,193.8,
2014-08-12,103.6,47.16,193.53,
2014-08-13,102.16,46.84,194.84,
2014-08-14,101.32,46.64,195.76,
2014-08-15,101.24,46.62,195.72,
2014-08-18,99.6,46.22,197.36,
2014-08-19,98.56,45.98,198.39,
2014-08-20,98,45.9,198.92,
2014-08-21,97.44,45.76,199.5,
2014-08-22,97.76,45.82,199.19,
2014-08-25,96.72,45.6,200.2,
2014-08-26,96.56,45.52,200.33,
2014-08-27,96.64,45.54,200.25,
2014-08-28,96.76,45.58,200.14,
2014-08-29,96.2,45.44,200.71,
2014-09-02,96.36,45.48,200.61,
2014-09-03,96.44,45.48,200.5,
2014-09-04,96.68,45.6,200.21,
2014-09-05,95.8,45.34,201.11,
2014-09-08,96.28,45.46,200.59,
2014-09-09,97.52,45.76,199.32,
2014-09-10,96.8,45.58,200.07,
2014-09-11,96.64,45.54,200.3,
2014-09-12,97.68,45.8,199.13,
2014-09-15,97.84,45.82,198.98,
2014-09-16,96.36,45.5,200.48,
2014-09-17,96.16,45.42,200.75,
2014-09-18,95.12,45.18,201.82,
2014-09-19,95.24,45.22,200.7,
2014-09-22,96.76,45.56,199.15,
2014-09-23,97.8,45.82,198.01,
2014-09-24,96.24,45.46,199.56,
2014-09-25,99.4,46.18,196.34,
2014-09-26,97.8,45.8,197.9,
2014-09-29,98.2,45.9,197.54,
2014-09-30,98.68,46.02,197.02,
2014-10-01,101.32,46.64,194.35,
2014-10-02,101.28,46.66,194.38,
2014-10-03,99.08,46.14,196.52,
2014-10-06,99.28,46.2,196.29,
2014-10-07,102.4,46.9,193.26,
2014-10-08,98.76,46.06,196.64,
2014-10-09,102.76,47,192.74,
2014-10-10,105.12,47.52,190.54,
2014-10-13,108.48,48.3,187.41,
2014-10-14,108.12,48.18,187.7,
2014-10-15,109.8,48.58,186.43,
2014-10-16,109.84,48.62,186.27,
2014-10-17,107.16,47.98,188.47,
2014-10-20,105.08,47.52,190.3,
2014-10-21,100.96,46.6,194.07,
2014-10-22,102.32,46.92,192.69,
2014-10-23,99.92,46.4,194.93,
2014-10-24,98.48,46.06,196.43,
2014-10-27,98.76,46.04,196.16,
2014-10-28,96.52,45.56,198.41,
2014-10-29,96.76,45.64,198.11,
2014-10-30,95.48,45.34,199.38,
2014-10-31,93.36,44.82,201.66,
2014-11-03,93.24,44.8,201.77,
2014-11-04,93.76,44.92,201.07,
2014-11-05,92.64,44.66,202.34,
2014-11-06,91.92,44.48,203.15,
2014-11-07,91.72,44.42,203.34,
2014-11-10,91.2,44.3,203.98,
2014-11-11,91.04,44.24,204.18,
2014-11-12,91.2,44.26,203.96,
2014-11-13,91,44.24,204.19,
2014-11-14,90.88,44.24,204.24,
2014-11-17,90.76,44.2,204.37,
2014-11-18,89.72,43.92,205.55,
2014-11-19,90.04,44,205.22,
2014-11-20,89.68,43.92,205.58,
2014-11-21,88.76,43.68,206.68,
2014-11-24,88.28,43.58,207.26,
2014-11-25,88.28,43.56,207.11,
2014-11-26,87.88,43.48,207.64,
2014-11-28,88.24,43.56,207.2,
2014-12-01,89.48,43.87,205.76,
2014-12-02,88.36,43.58,207.09,
2014-12-03,87.68,43.4,207.89,
2014-12-04,87.84,43.48,207.66,
2014-12-05,87.52,43.38,208,
2014-12-08,88.72,43.68,206.61,
2014-12-09,88.84,43.72,206.47,
2014-12-10,91.68,44.4,203.16,
2014-12-11,90.84,44.18,204.19,
2014-12-12,93.6,44.94,200.89,
2014-12-15,95,45.2,199.51,
2014-12-16,96.48,45.56,197.91,
2014-12-17,92.64,44.66,201.79,
2014-12-18,88.12,43.6,206.78,
2014-12-19,87.28,43.32,206.52,
2014-12-22,86.52,43.16,207.47,
2014-12-23,86.24,43.1,207.75,
2014-12-24,86.24,43.12,207.77,
2014-12-26,85.72,42.96,208.44,
2014-12-29,85.56,42.92,208.72,
2014-12-30,86.52,43.12,207.6,
2014-12-31,88.2,43.56,205.54,
2015-01-02,88.2,43.62,205.43,
2015-01-05,91.4,44.34,201.72,
2015-01-06,93.08,44.82,199.82,
2015-01-07,90.8,44.22,202.31,
2015-01-08,87.56,43.46,205.9,
2015-01-09,89.04,43.8,204.25,
2015-01-12,90.48,44.14,202.65,
2015-01-13,90.92,44.3,202.08,
2015-01-14,91.96,44.5,200.86,
2015-01-15,93.76,44.96,199.02,
2015-01-16,91.4,44.36,201.63,
2015-01-20,90.84,44.24,202.06,
2015-01-21,89.92,44.02,203.08,
2015-01-22,87.2,43.38,206.1,
2015-01-23,88.32,43.64,204.97,
2015-01-26,87.76,43.48,205.45,
2015-01-27,90.08,44.1,202.74,
2015-01-28,92.56,44.68,200.14,
2015-01-29,90.68,44.24,201.99,
2015-01-30,93.12,44.76,199.45,
2015-02-02,90.76,44.26,201.92,
2015-02-03,88.12,43.6,204.84,
2015-02-04,88.84,43.78,204.06,
2015-02-05,86.96,43.28,206.12,
2015-02-06,87.4,43.42,205.55,
2015-02-09,88.2,43.64,204.63,
2015-02-10,86.28,43.14,206.81,
2015-02-11,86.28,43.14,206.93,
2015-02-12,84.56,42.74,208.92,
2015-02-13,83.84,42.54,209.78,
2015-02-17,83.56,42.48,210.11,
2015-02-18,83.6,42.48,210.13,
2015-02-19,83.68,42.48,209.98,
2015-02-20,82.68,42.26,211.24,
2015-02-23,82.72,42.24,211.21,
2015-02-24,82.2,42.1,211.81,
2015-02-25,82.36,42.18,211.63,
2015-02-26,82.56,42.22,211.38,
2015-02-27,83.16,42.36,210.66,
2015-03-02,82.08,42.06,211.99,
2015-03-03,82.76,42.24,211.12,
2015-03-04,83.44,42.44,210.23,
2015-03-05,83.24,42.4,210.46,
2015-03-06,85.6,42.96,207.5,
2015-03-09,84.88,42.82,208.36,
2015-03-10,87.64,43.5,204.98,
2015-03-11,88.04,43.6,204.5,
2015-03-12,85.8,43.04,207.1,
2015-03-13,86.84,43.26,205.83,
2015-03-16,84.4,42.7,208.58,
2015-03-17,85,42.82,207.96,
2015-03-18,83,42.34,210.46,
2015-03-19,83.72,42.54,209.5,
2015-03-20,82.24,42.16,210.41,
2015-03-23,82.56,42.22,210,
2015-03-24,83.56,42.5,208.82,
2015-03-25,85.96,43.08,205.76,
2015-03-26,86.36,43.16,205.27,
2015-03-27,85.96,43.08,205.74,
2015-03-30,83.84,42.54,208.25,
2015-03-31,85.32,42.92,206.43,
2015-04-01,85.96,43.06,205.7,
2015-04-02,85.36,42.96,206.44,
2015-04-06,84.12,42.62,207.83,
2015-04-07,84.64,42.74,207.28,
2015-04-08,84.04,42.58,207.98,
2015-04-09,83.36,42.42,208.9,
2015-04-10,82.44,42.18,210.04,
2015-04-13,83.12,42.37,209.09,
2015-04-14,82.88,42.28,209.49,
2015-04-15,82.04,42.08,210.43,
2015-04-16,82.16,42.1,210.37,
2015-04-17,84,42.6,207.95,
2015-04-20,82.52,42.22,209.85,
2015-04-21,82.64,42.26,209.6,
2015-04-22,81.88,42.06,210.63,
2015-04-23,81.44,41.96,211.16,
2015-04-24,81.12,41.82,211.65,
2015-04-27,81.72,42,210.77,
2015-04-28,81.2,41.88,211.44,
2015-04-29,81.88,42.06,210.57,
2015-04-30,83.56,42.44,208.46,
2015-05-01,81.8,42.04,210.72,
2015-05-04,81.2,41.9,211.32,
2015-05-05,83.12,42.34,208.9,
2015-05-06,83.76,42.52,208.04,
2015-05-07,83.16,42.38,208.87,
2015-05-08,80.96,41.84,211.62,
2015-05-11,81.68,42,210.61,
2015-05-12,82.24,42.12,209.98,
2015-05-13,82.12,42.1,210.02,
2015-05-14,80.48,41.68,212.21,
2015-05-15,80.28,41.64,212.44,
2015-05-18,79.76,41.5,213.1,
2015-05-19,79.88,41.5,213.03,
2015-05-20,80,41.56,212.88,
2015-05-21,79.48,41.44,213.5,
2015-05-22,79.84,41.52,212.99,
2015-05-26,81.48,41.94,210.7,
2015-05-27,80,41.58,212.7,
2015-05-28,80.16,41.6,212.46,
2015-05-29,81.16,41.86,211.14,
2015-06-01,80.88,41.78,211.57,
2015-06-02,81,41.86,211.36,
2015-06-03,80.6,41.72,211.92,
2015-06-04,81.92,42.02,210.13,
2015-06-05,82.2,42.14,209.77,
2015-06-08,83.28,42.4,208.48,
2015-06-09,83.24,42.38,208.45,
2015-06-10,81.24,41.92,210.95,
2015-06-11,80.76,41.74,211.63,
2015-06-12,81.96,42.06,210.01,
2015-06-15,82.72,42.28,209.11,
2015-06-16,81.8,42.04,210.25,
2015-06-17,81.48,41.96,210.59,
2015-06-18,79.88,41.54,212.78,
2015-06-19,80.76,41.78,210.81,
2015-06-22,79.68,41.48,211.89,
2015-06-23,79.6,41.46,212.04,
2015-06-24,80.68,41.74,210.5,
2015-06-25,81.24,41.86,209.86,
2015-06-26,81.28,41.86,209.82,
2015-06-29,84.48,42.76,205.42,
2015-06-30,84.24,42.68,205.85,
2015-07-01,82.92,42.34,207.5,
2015-07-02,83.08,42.38,207.31,
2015-07-06,83.64,42.5,206.72,
2015-07-07,82.56,42.24,208.02,
2015-07-08,85.36,42.94,204.53,
2015-07-09,85,42.86,204.9,
2015-07-10,82.84,42.3,207.48,
2015-07-13,81,41.86,209.77,
2015-07-14,80.32,41.64,210.68,
2015-07-15,80.4,41.68,210.61,
2015-07-16,79.12,41.36,212.3,
2015-07-17,78.96,41.32,212.48,
2015-07-20,78.88,41.26,212.59,
2015-07-21,79.44,41.42,211.75,
2015-07-22,79.8,41.52,211.37,
2015-07-23,80.64,41.76,210.18,
2015-07-24,82.32,42.18,208,
2015-07-27,83.32,42.44,206.79,
2015-07-28,81.32,41.9,209.33,
2015-07-29,80.16,41.62,210.77,
2015-07-30,80.12,41.6,210.82,
2015-07-31,80.4,41.64,210.5,
2015-08-03,80.88,41.8,209.79,
2015-08-04,81.2,41.88,209.38,
2015-08-05,80.6,41.72,210.07,
2015-08-06,81.84,42.04,208.35,
2015-08-07,82.28,42.16,207.95,
2015-08-10,80.24,41.64,210.57,
2015-08-11,81.64,42,208.67,
2015-08-12,81.48,41.96,208.92,
2015-08-13,81.72,42.01,208.66,
2015-08-14,81.04,41.84,209.42,
2015-08-17,80.16,41.64,210.59,
2015-08-18,80.64,41.76,209.98,
2015-08-19,81.92,42.06,208.32,
2015-08-20,85.44,42.96,203.97,
2015-08-21,90.68,44.32,197.83,
2015-08-24,98.16,46.1,189.5,
2015-08-25,100.44,46.62,187.27,
2015-08-26,92.6,44.88,194.46,
2015-08-27,88.08,43.74,199.27,
2015-08-28,88.04,43.72,199.28,
2015-08-31,89.64,44.1,197.67,
2015-09-01,94.96,45.48,191.77,
2015-09-02,91.36,44.58,195.41,
2015-09-03,91.12,44.54,195.55,
2015-09-04,93.88,45.24,192.59,
2015-09-08,89.2,44.04,197.43,
2015-09-09,91.52,44.68,194.79,
2015-09-10,90.52,44.38,195.85,
2015-09-11,89.76,44.2,196.74,
2015-09-14,90.48,44.4,196.01,
2015-09-15,88.16,43.78,198.46,
2015-09-16,86.64,43.42,200.18,
2015-09-17,86.96,43.52,199.73,
2015-09-18,89.96,44.26,195.45,
2015-09-21,88.88,44.02,196.46,
2015-09-22,91.2,44.58,193.91,
2015-09-23,91.48,44.66,193.6,
2015-09-24,92.08,44.8,192.9,
2015-09-25,92.24,44.8,192.85,
2015-09-28,96.88,45.92,188.01,
2015-09-29,96.84,45.9,188.12,
2015-09-30,93.12,45.02,191.63,
2015-10-01,92.64,44.96,192.13,
2015-10-02,89.88,44.28,195,
2015-10-05,86.6,43.48,198.47,
2015-10-06,87.2,43.62,197.79,
2015-10-07,85.76,43.22,199.41,
2015-10-08,84.32,42.84,201.21,
2015-10-09,84.12,42.8,201.33,
2015-10-12,84,42.74,201.52,
2015-10-13,85.04,43.04,200.25,
2015-10-14,85.88,43.26,199.29,
2015-10-15,83.28,42.6,202.35,
2015-10-16,82.56,42.44,203.27,
2015-10-19,82.4,42.36,203.37,
2015-10-20,82.6,42.42,203.11,
2015-10-21,83.68,42.72,201.85,
2015-10-22,80.8,41.96,205.26,
2015-10-23,78.96,41.48,207.51,
2015-10-26,79.4,41.6,207,
2015-10-27,79.68,41.7,206.6,
2015-10-28,77.84,41.24,208.95,
2015-10-29,77.88,41.2,208.83,
2015-10-30,78.68,41.4,207.93,
2015-11-02,76.8,40.94,210.39,
2015-11-03,76.32,40.82,211,
2015-11-04,76.72,40.92,210.36,
2015-11-05,76.96,40.96,210.15,
2015-11-06,77,40.96,210.04,
2015-11-09,78.44,41.34,208.08,
2015-11-10,78.16,41.28,208.56,
2015-11-11,78.76,41.42,207.74,
2015-11-12,80.84,41.98,204.84,
2015-11-13,82.67,42.44,202.54,
2015-11-16,80.2,41.84,205.62,
2015-11-17,80.4,41.9,205.47,
2015-11-18,77.72,41.16,208.73,
2015-11-19,77.88,41.22,208.55,
2015-11-20,77.24,41.04,209.31,
2015-11-23,77.52,41.1,209.07,
2015-11-24,77.2,41.08,209.35,
2015-11-25,77.32,41.06,209.32,
2015-11-27,77.08,41.02,209.56,
2015-11-30,77.72,41.18,208.69,
2015-12-01,76.2,40.76,210.68,
2015-12-02,77.84,41.2,208.53,
2015-12-03,80,41.76,205.61,
2015-12-04,76.84,40.96,209.62,
2015-12-07,77.76,41.18,208.35,
2015-12-08,78.76,41.5,206.95,
2015-12-09,80.08,41.8,205.34,
2015-12-10,79.64,41.7,205.87,
2015-12-11,82.72,42.5,201.88,
2015-12-14,81.8,42.28,202.9,
2015-12-15,80.16,41.82,205.03,
2015-12-16,77.8,41.26,208.03,
2015-12-17,80.16,41.86,204.86,
2015-12-18,83.04,42.6,200.02,
2015-12-21,81.68,42.26,201.67,
2015-12-22,80.16,41.9,203.5,
2015-12-23,78.28,41.38,206.02,
2015-12-24,78.6,41.48,205.68,
2015-12-28,78.84,41.52,205.21,
2015-12-29,77.2,41.08,207.4,
2015-12-30,78.16,41.34,205.93,
2015-12-31,79.72,41.74,203.87,
2016-01-04,82,42.38,201.02,
2016-01-05,81.76,42.26,201.36,
2016-01-06,83.84,42.86,198.82,
2016-01-07,87.88,43.84,194.05,
2016-01-08,89.84,44.32,191.92,
2016-01-11,89.68,44.32,192.11,
2016-01-12,88.2,43.88,193.66,
2016-01-13,92.6,45.06,188.83,
2016-01-14,89.52,44.28,191.93,
2016-01-15,93.32,45.2,187.81,
2016-01-19,93.2,45.18,188.06,
2016-01-20,95.36,45.74,185.65,
2016-01-21,94.4,45.52,186.69,
2016-01-22,90.64,44.58,190.52,
2016-01-25,93.28,45.26,187.64,
2016-01-26,90.68,44.58,190.2,
2016-01-27,92.68,45.06,188.13,
2016-01-28,91.72,44.86,189.11,
2016-01-29,87.44,43.8,193.72,
2016-02-01,87.32,43.82,193.65,
2016-02-02,90.36,44.6,190.16,
2016-02-03,89.48,44.28,191.3,
2016-02-04,89.12,44.26,191.6,
2016-02-05,92.6,45.08,187.95,
2016-02-08,95.04,45.74,185.42,
2016-02-09,95,45.7,185.43,
2016-02-10,95.2,45.7,185.27,
2016-02-11,97.64,46.26,182.86,
2016-02-12,93.64,45.36,186.63,
2016-02-16,90.6,44.62,189.78,
2016-02-17,87.56,43.84,192.88,
2016-02-18,88.24,44.04,192.09,
2016-02-19,88.32,44.1,192,
2016-02-22,85.76,43.38,194.78,
2016-02-23,87.8,43.98,192.32,
2016-02-24,87.12,43.76,193.2,
2016-02-25,85.12,43.2,195.54,
2016-02-26,85.32,43.3,195.09,
2016-02-29,86.92,43.7,193.56,
2016-03-01,82.52,42.62,198.11,
2016-03-02,81.96,42.44,199,
2016-03-03,81.36,42.28,199.78,
2016-03-04,80.84,42.18,200.43,
2016-03-07,80.64,42.12,200.59,
2016-03-08,82.28,42.6,198.4,
2016-03-09,81.48,42.36,199.38,
2016-03-10,81.52,42.32,199.54,
2016-03-11,78.76,41.64,202.76,
2016-03-14,78.96,41.68,202.5,
2016-03-15,79.2,41.76,202.17,
2016-03-16,78.24,41.52,203.34,
2016-03-17,77.32,41.26,204.63,
2016-03-18,76.68,41.1,204.38,
2016-03-21,76.48,41.04,204.67,
2016-03-22,76.52,41.06,204.56,
2016-03-23,77.52,41.3,203.21,
2016-03-24,77.64,41.32,203.12,
2016-03-28,77.56,41.28,203.24,
2016-03-29,76.04,40.94,205.12,
2016-03-30,75.44,40.76,206.02,
2016-03-31,75.8,40.82,205.52,
2016-04-01,74.72,40.6,206.92,
2016-04-04,75.28,40.74,206.25,
2016-04-05,76.76,41.08,204.19,
2016-04-06,75.08,40.66,206.42,
2016-04-07,76.92,41.14,203.95,
2016-04-08,76.44,41.02,204.5,
2016-04-11,76.92,41.12,204.02,
2016-04-12,75.4,40.76,205.92,
2016-04-13,73.88,40.34,208,
2016-04-14,73.84,40.34,208.01,
2016-04-15,74.04,40.38,207.78,
2016-04-18,73,40.08,209.24,
2016-04-19,72.6,39.98,209.9,
2016-04-20,72.44,39.96,210.1,
2016-04-21,73.16,40.12,208.97,
2016-04-22,73.12,40.1,208.97,
2016-04-25,73.4,40.22,208.61,
2016-04-26,73.16,40.12,208.92,
2016-04-27,72.88,40.04,209.35,
2016-04-28,74.2,40.44,207.45,
2016-04-29,74.88,40.62,206.33,
2016-05-02,73.84,40.3,207.97,
2016-05-03,75.08,40.67,206.16,
2016-05-04,75.92,40.88,205.01,
2016-05-05,75.96,40.9,204.97,
2016-05-06,75.44,40.76,205.72,
2016-05-09,75.36,40.74,205.89,
2016-05-10,73.44,40.24,208.45,
2016-05-11,74.72,40.6,206.5,
2016-05-12,74.72,40.62,206.56,
2016-05-13,76.08,40.96,204.76,
2016-05-16,74.6,40.54,206.78,
2016-05-17,75.92,40.92,204.85,
2016-05-18,75.84,40.86,204.91,
2016-05-19,76.48,41.02,204.2,
2016-05-20,75.48,40.74,205.49,
2016-05-23,75.68,40.86,205.21,
2016-05-24,73.72,40.28,207.87,
2016-05-25,72.72,40.02,209.28,
2016-05-26,72.56,40.04,209.34,
2016-05-27,72.04,39.86,210.24,
2016-05-31,72.28,39.86,209.84,
2016-06-01,71.96,39.82,210.27,
2016-06-02,71.64,39.72,210.91,
2016-06-03,72,39.82,210.28,
2016-06-06,71.28,39.62,211.35,
2016-06-07,71.04,39.56,211.68,
2016-06-08,70.6,39.42,212.37,
2016-06-09,70.76,39.54,212.08,
2016-06-10,72.08,39.84,210.07,
2016-06-13,73.24,40.12,208.45,
2016-06-14,73.52,40.26,208.04,
2016-06-15,73.72,40.28,207.75,
2016-06-16,73.24,40.16,208.37,
2016-06-17,73.8,40.28,206.52,
2016-06-20,72.88,40.04,207.85,
2016-06-21,72.44,39.94,208.44,
2016-06-22,72.76,40.06,208.1,
2016-06-23,70.84,39.5,210.81,
2016-06-24,75.8,40.94,203.13,
2016-06-27,78.64,41.65,199.6,
2016-06-28,75.84,40.88,203.2,
2016-06-29,73.16,40.18,206.66,
2016-06-30,71.24,39.66,209.48,
2016-07-01,70.92,39.57,209.92,
2016-07-05,71.88,39.85,208.41,
2016-07-06,71.08,39.61,209.66,
2016-07-07,71.16,39.61,209.53,
2016-07-08,69.08,39.02,212.65,
2016-07-11,68.6,38.89,213.4,
2016-07-12,67.6,38.65,214.95,
2016-07-13,67.56,38.63,214.92,
2016-07-14,66.88,38.44,216.12,
2016-07-15,66.96,38.44,215.83,
2016-07-18,66.64,38.36,216.41,
2016-07-19,66.76,38.4,216.19,
2016-07-20,66.2,38.21,217.09,
2016-07-21,66.72,38.37,216.27,
2016-07-22,66.08,38.21,217.24,
2016-07-25,66.44,38.3,216.65,
2016-07-26,66.44,38.29,216.75,
2016-07-27,66.52,38.33,216.52,
2016-07-28,66.36,38.27,216.77,
2016-07-29,66.24,38.2,217.12,
2016-08-01,66.28,38.28,216.94,
2016-08-02,67.12,38.49,215.55,
2016-08-03,66.76,38.36,216.18,
2016-08-04,66.6,38.35,216.41,
2016-08-05,65.52,38.03,218.18,
2016-08-08,65.56,38.06,218.05,
2016-08-09,65.48,38.05,218.18,
2016-08-10,65.8,38.13,217.64,
2016-08-11,65.2,37.93,218.65,
2016-08-12,65.32,37.97,218.46,
2016-08-15,64.92,37.86,219.09,
2016-08-16,65.56,38.04,217.96,
2016-08-17,65.4,38.01,218.37,
2016-08-18,65.04,37.88,218.86,
2016-08-19,65.24,37.94,218.54,
2016-08-22,65.32,37.96,218.53,
2016-08-23,65.04,37.89,218.97,
2016-08-24,65.64,38.07,217.85,
2016-08-25,65.76,38.12,217.7,
2016-08-26,66.04,38.17,217.29,
2016-08-29,65.4,37.98,218.36,
2016-08-30,65.56,38.05,218,
2016-08-31,66,38.18,217.38,
2016-09-01,65.92,38.18,217.39,
2016-09-02,65.32,37.96,218.37,
2016-09-06,65,37.86,219.03,
2016-09-07,64.92,37.85,219.01,
2016-09-08,65.28,37.94,218.51,
2016-09-09,68.36,38.86,213.28,
2016-09-12,66.44,38.32,216.34,
2016-09-13,68.28,38.83,213.23,
2016-09-14,68.36,38.86,213.15,
2016-09-15,67.08,38.46,215.28,
2016-09-16,67.64,38.64,213.37,
2016-09-19,67.48,38.63,213.41,
2016-09-20,67.48,38.62,213.42,
2016-09-21,66.04,38.21,215.82,
2016-09-22,65.16,37.93,217.18,
2016-09-23,65.88,38.14,215.99,
2016-09-26,66.96,38.47,214.24,
2016-09-27,66.12,38.25,215.57,
2016-09-28,65.4,38.01,216.64,
2016-09-29,66.6,38.36,214.68,
2016-09-30,65.56,38.07,216.3,
2016-10-03,66,38.21,215.78,
2016-10-04,66.56,38.37,214.68,
2016-10-05,66,38.2,215.63,
2016-10-06,65.92,38.16,215.78,
2016-10-07,66.36,38.29,215.04,
2016-10-10,65.72,38.1,216.16,
2016-10-11,67.32,38.57,213.43,
2016-10-12,67.2,38.53,213.71,
2016-10-13,67.6,38.66,213.01,
2016-10-14,67.56,38.63,213.12,
2016-10-17,68,38.75,212.38,
2016-10-18,67.12,38.53,213.71,
2016-10-19,66.88,38.43,214.28,
2016-10-20,67.08,38.5,213.88,
2016-10-21,67.04,38.49,213.98,
2016-10-24,66.48,38.33,214.89,
2016-10-25,66.84,38.43,214.17,
2016-10-26,67.16,38.52,213.74,
2016-10-27,67.48,38.63,213.17,
2016-10-28,67.88,38.74,212.54,
2016-10-31,67.96,38.73,212.55,
2016-11-01,68.84,39.03,211.01,
2016-11-02,69.72,39.24,209.74,
2016-11-03,70.32,39.4,208.78,
2016-11-04,70.52,39.48,208.55,
2016-11-07,67.44,38.61,213.15,
2016-11-08,66.76,38.4,214.11,
2016-11-09,65.32,38.01,216.38,
2016-11-10,65.04,37.94,216.92,
2016-11-11,65.28,37.99,216.42,
2016-11-14,65.28,37.97,216.59,
2016-11-15,64.28,37.66,218.28,
2016-11-16,64.44,37.73,217.87,
2016-11-17,63.84,37.55,218.99,
2016-11-18,64.08,37.65,218.5,
2016-11-21,63.12,37.37,220.15,
2016-11-22,62.92,37.3,220.58,
2016-11-23,62.84,37.25,220.7,
2016-11-25,62.28,37.12,221.52,
2016-11-28,62.92,37.28,220.48,
2016-11-29,62.68,37.23,220.91,
2016-11-30,63,37.31,220.38,
2016-12-01,63.48,37.45,219.57,
2016-12-02,63.44,37.43,219.68,
2016-12-05,62.64,37.21,221,
2016-12-06,62.2,37.1,221.7,
2016-12-07,60.6,36.62,224.6,
2016-12-08,60.32,36.53,225.15,
2016-12-09,59.56,36.28,226.51,
2016-12-12,59.72,36.34,226.25,
2016-12-13,58.92,36.1,227.76,
2016-12-14,59.84,36.38,225.88,
2016-12-15,59.4,36.24,226.81,
2016-12-16,59.56,36.29,225.04,
2016-12-19,59.4,36.24,225.53,
2016-12-20,58.92,36.1,226.4,
2016-12-21,59.2,36.18,225.77,
2016-12-22,59.4,36.24,225.38,
2016-12-23,59.32,36.2,225.71,
2016-12-27,58.96,36.11,226.27,
2016-12-28,59.92,36.42,224.4,
2016-12-29,60,36.42,224.35,
2016-12-30,60.44,36.54,223.53,
2017-01-03,59.52,36.29,225.24,
2017-01-04,58.84,36.08,226.58,
2017-01-05,58.88,36.1,226.4,
2017-01-06,58.44,35.94,227.21,
2017-01-09,58.8,36.06,226.46,
2017-01-10,58.84,36.07,226.46,
2017-01-11,58.56,35.98,227.1,
2017-01-12,58.8,36.07,226.53,
2017-01-13,58.56,36,227.05,
2017-01-17,59,36.11,226.25,
2017-01-18,58.72,36.03,226.75,
2017-01-19,59.16,36.15,225.91,
2017-01-20,58.8,36.04,226.74,
2017-01-23,59.04,36.13,226.15,
2017-01-24,58.32,35.91,227.6,
2017-01-25,57.32,35.59,229.57,
2017-01-26,57.4,35.62,229.33,
2017-01-27,57.52,35.68,228.97,
2017-01-30,58.2,35.89,227.55,
2017-01-31,58.32,35.89,227.53,
2017-02-01,58.28,35.91,227.62,
2017-02-02,58.2,35.88,227.77,
2017-02-03,57.36,35.62,229.34,
2017-02-06,57.6,35.69,228.93,
2017-02-07,57.56,35.69,228.94,
2017-02-08,57.44,35.63,229.24,
2017-02-09,56.76,35.42,230.6,
2017-02-10,56.32,35.3,231.51,
2017-02-13,55.68,35.12,232.77,
2017-02-14,55.24,34.95,233.7,
2017-02-15,54.72,34.79,234.92,
2017-02-16,54.84,34.81,234.72,
2017-02-17,54.64,34.76,235.09,
2017-02-21,54,34.54,236.49,
2017-02-22,54.04,34.57,236.28,
2017-02-23,54,34.56,236.44,
2017-02-24,53.88,34.5,236.74,
2017-02-27,53.64,34.44,237.11,
2017-02-28,53.96,34.55,236.47,
2017-03-01,52.48,34.06,239.78,
2017-03-02,53.08,34.27,238.27,
2017-03-03,53.04,34.26,238.42,
2017-03-06,53.4,34.34,237.71,
2017-03-07,53.68,34.45,237,
2017-03-08,53.92,34.54,236.56,
2017-03-09,53.8,34.5,236.86,
2017-03-10,53.4,34.37,237.69,
2017-03-13,53.36,34.34,237.81,
2017-03-14,53.72,34.47,236.9,
2017-03-15,52.84,34.18,238.95,
2017-03-16,53,34.25,238.48,
2017-03-17,53.2,34.31,237.03,
2017-03-20,53.39,34.35,236.77,
2017-03-21,54.68,34.77,233.73,
2017-03-22,54.48,34.72,234.28,
2017-03-23,54.6,34.74,234.03,
2017-03-24,54.72,34.75,233.86,
2017-03-27,54.8,34.81,233.62,
2017-03-28,54,34.56,235.32,
2017-03-29,53.88,34.52,235.54,
2017-03-30,53.56,34.41,236.29,
2017-03-31,53.8,34.49,235.74,
2017-04-03,53.96,34.54,235.33,
2017-04-04,53.92,34.53,235.48,
2017-04-05,54.24,34.63,234.78,
2017-04-06,53.96,34.56,235.44,
2017-04-07,54.08,34.58,235.2,
2017-04-10,54.04,34.57,235.34,
2017-04-11,54.12,34.59,235.06,
2017-04-12,54.64,34.75,234.03,
2017-04-13,55.28,34.98,232.51,
2017-04-17,54.36,34.67,234.57,
2017-04-18,54.72,34.77,233.87,
2017-04-19,54.92,34.83,233.44,
2017-04-20,54.12,34.58,235.34,
2017-04-21,54.36,34.67,234.59,
2017-04-24,53.16,34.31,237.17,
2017-04-25,52.52,34.09,238.55,
2017-04-26,52.6,34.1,238.4,
2017-04-27,52.52,34.09,238.6,
2017-04-28,52.76,34.17,238.08,
2017-05-01,52.48,34.08,238.68,
2017-05-02,52.52,34.06,238.77,
2017-05-03,52.6,34.11,238.48,
2017-05-04,52.52,34.07,238.76,
2017-05-05,52.08,33.94,239.7,
2017-05-08,52.08,33.93,239.66,
2017-05-09,52.16,33.98,239.44,
2017-05-10,52.04,33.92,239.87,
2017-05-11,52.24,33.99,239.38,
2017-05-12,52.4,34.04,238.98,
2017-05-15,51.8,33.87,240.3,
2017-05-16,51.92,33.89,240.08,
2017-05-17,53.76,34.49,235.82,
2017-05-18,53.4,34.37,236.77,
2017-05-19,52.64,34.14,238.31,
2017-05-22,52.12,33.96,239.52,
2017-05-23,51.92,33.9,240.05,
2017-05-24,51.68,33.81,240.61,
2017-05-25,51.24,33.65,241.76,
2017-05-26,51.2,33.66,241.71,
2017-05-30,51.28,33.67,241.5,
2017-05-31,51.32,33.7,241.44,
2017-06-01,50.52,33.44,243.36,
2017-06-02,50.24,33.32,244.17,
2017-06-05,50.24,33.34,243.99,
2017-06-06,50.56,33.44,243.21,
2017-06-07,50.44,33.39,243.66,
2017-06-08,50.44,33.37,243.78,
2017-06-09,50.44,33.42,243.41,
2017-06-12,50.6,33.43,243.36,
2017-06-13,50.04,33.28,244.55,
2017-06-14,50.2,33.32,244.24,
2017-06-15,50.4,33.39,243.77,
2017-06-16,50.36,33.38,242.64,
2017-06-19,49.52,33.1,244.66,
2017-06-20,50.2,33.32,243.01,
2017-06-21,50.24,33.35,242.95,
2017-06-22,50.32,33.36,242.84,
2017-06-23,50.16,33.32,243.13,
2017-06-26,50.16,33.31,243.29,
2017-06-27,50.88,33.55,241.33,
2017-06-28,50.04,33.28,243.49,
2017-06-29,50.84,33.56,241.35,
2017-06-30,50.72,33.5,241.8,
2017-07-03,50.52,33.43,242.21,
2017-07-05,50.36,33.38,242.77,
2017-07-06,51.24,33.67,240.55,
2017-07-07,50.56,33.46,242.11,
2017-07-10,50.48,33.43,242.37,
2017-07-11,50.56,33.45,242.19,
2017-07-12,49.8,33.2,244.01,
2017-07-13,49.68,33.14,244.42,
2017-07-14,49.2,33,245.56,
2017-07-17,49.2,33,245.53,
2017-07-18,49.14,32.99,245.66,
2017-07-19,48.64,32.8,246.99,
2017-07-20,48.59,32.81,247.1,
2017-07-21,48.67,32.82,246.88,
2017-07-24,48.69,32.83,246.82,
2017-07-25,48.48,32.75,247.42,
2017-07-26,48.46,32.75,247.43,
2017-07-27,48.58,32.79,247.2,
2017-07-28,48.69,32.84,246.91,
2017-07-31,48.76,32.86,246.77,
2017-08-01,48.54,32.79,247.32,
2017-08-02,48.5,32.76,247.44,
2017-08-03,48.67,32.82,246.96,
2017-08-04,48.51,32.78,247.41,
2017-08-07,48.36,32.73,247.87,
2017-08-08,48.56,32.8,247.26,
2017-08-09,48.6,32.8,247.25,
2017-08-10,49.98,33.25,243.76,
2017-08-11,49.82,33.23,244.12,
2017-08-14,48.87,32.89,246.54,
2017-08-15,48.87,32.89,246.51,
2017-08-16,48.72,32.85,246.94,
2017-08-17,50.21,33.35,243.09,
2017-08-18,50.4,33.41,242.71,
2017-08-21,50.31,33.39,242.9,
2017-08-22,49.27,33.05,245.44,
2017-08-23,49.63,33.18,244.56,
2017-08-24,49.85,33.23,243.99,
2017-08-25,49.64,33.18,244.56,
2017-08-28,49.64,33.17,244.57,
2017-08-29,49.53,33.14,244.85,
2017-08-30,49.06,32.96,246.01,
2017-08-31,48.5,32.79,247.49,
2017-09-01,48.35,32.71,247.84,
2017-09-05,49.03,32.97,246.06,
2017-09-06,48.71,32.85,246.9,
2017-09-07,48.72,32.86,246.87,
2017-09-08,48.86,32.9,246.58,
2017-09-11,47.83,32.56,249.21,
2017-09-12,47.5,32.45,250.05,
2017-09-13,47.44,32.42,250.17,
2017-09-14,47.48,32.44,250.09,
2017-09-15,47.35,32.39,249.19,
2017-09-18,47.19,32.35,249.72,
2017-09-19,47.1,32.3,249.97,
2017-09-20,47.06,32.3,250.06,
2017-09-21,47.3,32.38,249.39,
2017-09-22,47.31,32.37,249.44,
2017-09-25,47.49,32.43,248.93,
2017-09-26,47.44,32.42,249.08,
2017-09-27,47.09,32.31,250.05,
2017-09-28,46.99,32.27,250.35,
2017-09-29,46.65,32.17,251.23,
2017-10-02,46.27,32.01,252.32,
2017-10-03,46.05,31.96,252.86,
2017-10-04,45.94,31.92,253.16,
2017-10-05,45.43,31.72,254.66,
2017-10-06,45.5,31.76,254.37,
2017-10-09,45.68,31.81,253.95,
2017-10-10,45.45,31.74,254.62,
2017-10-11,45.3,31.68,255.02,
2017-10-12,45.46,31.74,254.64,
2017-10-13,45.36,31.7,254.95,
2017-10-16,45.22,31.65,255.29,
2017-10-17,45.17,31.64,255.47,
2017-10-18,45.09,31.62,255.72,
2017-10-19,45.05,31.61,255.79,
2017-10-20,44.6,31.44,257.11,
2017-10-23,44.94,31.56,256.11,
2017-10-24,44.8,31.52,256.56,
2017-10-25,45.23,31.66,255.29,
2017-10-26,45.12,31.63,255.62,
2017-10-27,44.4,31.37,257.71,
2017-10-30,44.7,31.49,256.75,
2017-10-31,44.6,31.44,257.15,
2017-11-01,44.47,31.41,257.49,
2017-11-02,44.43,31.39,257.59,
2017-11-03,44.16,31.3,258.45,
2017-11-06,44.03,31.25,258.85,
2017-11-07,44.07,31.27,258.67,
2017-11-08,43.92,31.22,259.11,
2017-11-09,44.26,31.33,258.17,
2017-11-10,44.31,31.35,258.09,
2017-11-13,44.22,31.32,258.33,
2017-11-14,44.43,31.38,257.73,
2017-11-15,44.89,31.55,256.44,
2017-11-16,44.13,31.28,258.62,
2017-11-17,44.37,31.37,257.86,
2017-11-20,44.25,31.33,258.3,
2017-11-21,43.67,31.11,259.99,
2017-11-22,43.76,31.14,259.76,
2017-11-24,43.56,31.09,260.36,
2017-11-27,43.61,31.09,260.23,
2017-11-28,42.72,30.79,262.87,
2017-11-29,42.78,30.8,262.71,
2017-11-30,42.07,30.55,265.01,
2017-12-01,42.23,30.6,264.46,
2017-12-04,42.34,30.65,264.14,
2017-12-05,42.63,30.75,263.19,
2017-12-06,42.62,30.75,263.24,
2017-12-07,42.36,30.65,264.07,
2017-12-08,41.92,30.49,265.51,
2017-12-11,41.64,30.39,266.31,
2017-12-12,41.5,30.34,266.78,
2017-12-13,41.51,30.35,266.75,
2017-12-14,41.87,30.48,265.66,
2017-12-15,41.17,30.22,266.51,
2017-12-18,40.67,30.04,268.2,
2017-12-19,40.97,30.15,267.17,
2017-12-20,41.01,30.17,267.03,
2017-12-21,40.88,30.12,267.58,
2017-12-22,40.9,30.13,267.51,
2017-12-26,40.97,30.15,267.19,
2017-12-27,40.92,30.13,267.32,
2017-12-28,40.77,30.07,267.87,
2017-12-29,41.05,30.18,266.86,
2018-01-02,40.49,29.97,268.77,
2018-01-03,39.99,29.78,270.47,
2018-01-04,39.65,29.66,271.61,
2018-01-05,39.14,29.45,273.42,
2018-01-08,39,29.41,273.92,
2018-01-09,38.83,29.36,274.54,
2018-01-10,38.97,29.4,274.12,
2018-01-11,38.41,29.19,276.12,
2018-01-12,37.91,29.01,277.92,
2018-01-16,38.16,29.1,276.97,
2018-01-17,37.44,28.84,279.61,
2018-01-18,37.57,28.88,279.14,
2018-01-19,37.24,28.76,280.41,
2018-01-22,36.64,28.53,282.69,
2018-01-23,36.49,28.47,283.29,
2018-01-24,36.51,28.49,283.18,
2018-01-25,36.51,28.46,283.3,
2018-01-26,35.66,28.14,286.58,
2018-01-29,36.16,28.32,284.68,
2018-01-30,36.9,28.65,281.76,
2018-01-31,36.83,28.61,281.9,
2018-02-01,36.95,28.64,281.58,
2018-02-02,38.53,29.27,275.45,
2018-02-05,41.67,30.47,263.93,
2018-02-06,40.15,29.9,269.13,
2018-02-07,40.62,30.08,267.67,
2018-02-08,43.64,31.16,257.63,
2018-02-09,42.3,30.72,261.5,
2018-02-12,41.14,30.29,265.34,
2018-02-13,40.92,30.21,266,
2018-02-14,39.78,29.79,269.59,
2018-02-15,38.82,29.44,273.03,
2018-02-16,38.74,29.41,273.11,
2018-02-20,39.28,29.6,271.4,
2018-02-21,39.7,29.76,270.05,
2018-02-22,39.6,29.72,270.4,
2018-02-23,38.33,29.25,274.71,
2018-02-26,37.44,28.92,277.9,
2018-02-27,38.39,29.28,274.43,
2018-02-28,39.26,29.6,271.65,
2018-03-01,40.3,30.01,267.7,
2018-03-02,39.9,29.85,269.08,
2018-03-05,38.98,29.53,272.19,
2018-03-06,38.8,29.44,272.88,
2018-03-07,38.82,29.46,272.78,
2018-03-08,38.47,29.32,274.1,
2018-03-09,37.15,28.83,278.87,
2018-03-12,37.23,28.85,278.52,
2018-03-13,37.73,29.04,276.72,
2018-03-14,38.1,29.19,275.3,
2018-03-15,38.19,29.22,275,
2018-03-16,38.12,29.19,274.2,
2018-03-19,39.15,29.6,270.49,
2018-03-20,39.02,29.54,270.95,
2018-03-21,39.1,29.55,270.43,
2018-03-22,41.04,30.31,263.67,
2018-03-23,42.84,30.94,258.05,
2018-03-26,40.48,30.1,265.11,
2018-03-27,41.91,30.64,260.6,
2018-03-28,42.13,30.73,259.83,
2018-03-29,40.96,30.3,263.15,
2018-04-02,42.82,30.99,257.47,
2018-04-03,41.74,30.6,260.77,
2018-04-04,40.82,30.24,263.56,
2018-04-05,40.23,30.03,265.64,
2018-04-06,42,30.72,259.72,
2018-04-09,41.67,30.57,261,
2018-04-10,40.33,30.08,265.15,
2018-04-11,40.74,30.25,263.76,
2018-04-12,40.07,30,265.93,
2018-04-13,40.33,30.1,265.15,
2018-04-16,39.68,29.84,267.33,
2018-04-17,38.82,29.52,270.19,
2018-04-18,38.76,29.5,270.39,
2018-04-19,39.21,29.68,268.89,
2018-04-20,39.89,29.93,266.61,
2018-04-23,39.89,29.94,266.57,
2018-04-24,40.97,30.33,262.98,
2018-04-25,40.79,30.28,263.63,
2018-04-26,39.96,29.98,266.31,
2018-04-27,39.9,29.95,266.56,
2018-04-30,40.54,30.2,264.51,
2018-05-01,40.38,30.12,264.98,
2018-05-02,40.95,30.32,263.2,
2018-05-03,41.11,30.39,262.62,
2018-05-04,40.06,30.01,266.02,
2018-05-07,39.8,29.92,266.92,
2018-05-08,39.81,29.92,266.92,
2018-05-09,39.04,29.62,269.5,
2018-05-10,38.32,29.36,272.02,
2018-05-11,38.14,29.29,272.85,
2018-05-14,38.07,29.26,272.98,
2018-05-15,38.59,29.46,271.1,
2018-05-16,38.28,29.35,272.24,
2018-05-17,38.35,29.37,272.01,
2018-05-18,38.54,29.44,271.33,
2018-05-21,37.99,29.24,273.37,
2018-05-22,38.21,29.32,272.61,
2018-05-23,37.98,29.23,273.36,
2018-05-24,38.15,29.3,272.8,
2018-05-25,38.34,29.38,272.15,
2018-05-29,39.23,29.72,269.02,
2018-05-30,38.19,29.32,272.61,
2018-05-31,38.72,29.54,270.94,
2018-06-01,37.9,29.22,273.6,
2018-06-04,37.56,29.08,274.9,
2018-06-05,37.47,29.06,275.1,
2018-06-06,36.85,28.82,277.4,
2018-06-07,36.91,28.84,277.37,
2018-06-08,36.7,28.76,278.19,
2018-06-11,36.61,28.72,278.56,
2018-06-12,36.49,28.68,278.92,
2018-06-13,36.77,28.78,278.03,
2018-06-14,36.58,28.72,278.73,
2018-06-15,36.65,28.73,277.13,
2018-06-18,36.82,28.82,276.56,
2018-06-19,37.14,28.92,275.5,
2018-06-20,36.88,28.8,275.97,
2018-06-21,37.35,29,274.24,
2018-06-22,37.26,28.93,274.74,
2018-06-25,38.26,29.32,271,
2018-06-26,38.11,29.27,271.6,
2018-06-27,38.74,29.53,269.35,
2018-06-28,38.28,29.34,270.89,
2018-06-29,38.22,29.33,271.28,
2018-07-02,38.04,29.24,271.86,
2018-07-03,38.33,29.38,270.9,
2018-07-05,37.71,29.14,273.11,
2018-07-06,37.08,28.89,275.42,
2018-07-09,36.42,28.64,277.9,
2018-07-10,36.17,28.52,278.9,
2018-07-11,36.69,28.73,276.86,
2018-07-12,36.06,28.5,279.37,
2018-07-13,35.98,28.46,279.59,
2018-07-16,36.05,28.49,279.34,
2018-07-17,35.74,28.38,280.47,
2018-07-18,35.62,28.33,281.06,
2018-07-19,35.89,28.44,280,
2018-07-20,35.98,28.46,279.68,
2018-07-23,35.85,28.41,280.2,
2018-07-24,35.53,28.29,281.61,
2018-07-25,34.87,28.03,284.01,
2018-07-26,35.08,28.12,283.34,
2018-07-27,35.56,28.3,281.42,
2018-07-30,35.95,28.47,279.95,
2018-07-31,35.62,28.33,281.33,
2018-08-01,35.7,28.36,280.86,
2018-08-02,35.36,28.22,282.39,
2018-08-03,35.04,28.11,283.6,
2018-08-06,34.78,28,284.64,
2018-08-07,34.56,27.92,285.58,
2018-08-08,34.61,27.93,285.46,
2018-08-09,34.72,27.97,285.07,
2018-08-10,35.2,28.18,283.16,
2018-08-13,35.47,28.28,282.1,
2018-08-14,35.02,28.1,283.9,
2018-08-15,35.53,28.32,281.78,
2018-08-16,34.97,28.09,284.06,
2018-08-17,34.73,28,285.06,
2018-08-20,34.58,27.93,285.67,
2018-08-21,34.46,27.86,286.34,
2018-08-22,34.48,27.89,286.17,
2018-08-23,34.57,27.94,285.79,
2018-08-24,34.17,27.76,287.51,
2018-08-27,33.66,27.57,289.78,
2018-08-28,33.63,27.55,289.92,
2018-08-29,33.25,27.4,291.48,
2018-08-30,33.55,27.5,290.3,
2018-08-31,33.55,27.5,290.31,
2018-09-04,33.64,27.56,289.81,
2018-09-05,33.84,27.63,289.03,
2018-09-06,34.06,27.72,288.16,
2018-09-07,34.23,27.79,287.6,
2018-09-10,34.09,27.74,288.1,
2018-09-11,33.83,27.63,289.05,
2018-09-12,33.86,27.65,289.12,
2018-09-13,33.47,27.49,290.83,
2018-09-14,33.44,27.48,290.88,
2018-09-17,33.84,27.63,289.34,
2018-09-18,33.45,27.5,290.91,
2018-09-19,33.4,27.46,291.22,
2018-09-20,32.86,27.24,293.58,
2018-09-21,32.93,27.28,291.99,
2018-09-24,33.14,27.36,291.02,
2018-09-25,33.23,27.41,290.75,
2018-09-26,33.25,27.37,289.88,
2018-09-27,33.08,27.31,290.69,
2018-09-28,33.1,27.32,290.72,
2018-10-01,32.87,27.22,291.73,
2018-10-02,32.89,27.23,291.56,
2018-10-03,32.86,27.2,291.72,
2018-10-04,33.37,27.43,289.44,
2018-10-05,33.76,27.58,287.82,
2018-10-08,33.78,27.59,287.82,
2018-10-09,33.87,27.64,287.4,
2018-10-10,36.06,28.52,278.3,
2018-10-11,37.61,29.14,272.17,
2018-10-12,36.58,28.74,275.95,
2018-10-15,37,28.9,274.4,
2018-10-16,35.44,28.3,280.4,
2018-10-17,35.42,28.29,280.45,
2018-10-18,36.43,28.69,276.4,
2018-10-19,36.5,28.73,276.25,
2018-10-22,36.81,28.85,275.01,
2018-10-23,37.25,29,273.61,
2018-10-24,39.49,29.89,265.32,
2018-10-25,38.04,29.35,270.08,
2018-10-26,39.43,29.91,265.33,
2018-10-29,39.87,30.06,263.86,
2018-10-30,38.68,29.61,267.77,
2018-10-31,37.83,29.27,270.63,
2018-11-01,37.07,28.98,273.51,
2018-11-02,37.55,29.16,271.89,
2018-11-05,37.09,29,273.39,
2018-11-06,36.64,28.82,275.12,
2018-11-07,35.12,28.22,281.01,
2018-11-08,35.25,28.28,280.5,
2018-11-09,35.91,28.54,277.76,
2018-11-12,37.3,29.1,272.57,
2018-11-13,37.42,29.13,272.06,
2018-11-14,37.95,29.36,270.2,
2018-11-15,37.17,29.05,273.02,
2018-11-16,36.99,28.97,273.73,
2018-11-19,38.24,29.46,269.1,
2018-11-20,39.65,30.02,264.12,
2018-11-21,39.4,29.93,265.02,
2018-11-23,39.92,30.12,263.25,
2018-11-26,38.69,29.65,267.5,
2018-11-27,38.46,29.55,268.4,
2018-11-28,36.69,28.88,274.58,
2018-11-29,36.82,28.95,273.98,
2018-11-30,36.34,28.75,275.65,
2018-12-03,35.47,28.4,279.3,
2018-12-04,37.66,29.3,270.25,
2018-12-06,37.84,29.36,269.84,
2018-12-07,39.64,30.06,263.57,
2018-12-10,39.49,30,264.07,
2018-12-11,39.5,30,264.13,
2018-12-12,39.09,29.85,265.46,
2018-12-13,39.13,29.88,265.37,
2018-12-14,40.6,30.45,260.47,
2018-12-17,42.26,31.05,255.36,
2018-12-18,42.31,31.06,255.08,
2018-12-19,43.68,31.54,251.26,
2018-12-20,45.01,32.08,247.17,
2018-12-21,46.89,32.72,240.7,
2018-12-24,49.43,33.59,234.34,
2018-12-26,44.33,31.86,246.18,
2018-12-27,43.58,31.57,248.07,
2018-12-28,43.71,31.64,247.75,
2018-12-31,42.92,31.33,249.92,
